Folder,# carbons,# hydrogen (top),# hydrogen (bottom),# of methyl (top),# of methyl (bottom),# of ethyl (top),# of ethyl (bottom),Thermal conductivity,Young's modulus,Maximum stress,Strain at maximum stress,Strain at fracture
E1H1-1,9484,46,50,0,0,49,47,45.59134853,880.351372,137.97801,0.2405,0.2583
E1H1-2,9484,58,38,0,0,43,53,41.96489774,883.097599,136.98315,0.2394,0.2449
E1H1-3,9484,46,50,0,0,45,51,45.57843467,883.340872,139.21892,0.2763,0.2822
E1H1-4,9484,51,45,0,0,54,42,42.9035541,883.268681,137.1136,0.2383,0.244
E1H2-1,9387,101,92,0,0,46,50,38.63721981,869.960936,135.11262,0.2407,0.2473
E1H2-2,9387,90,103,0,0,46,50,38.43359229,873.385175,134.54078,0.2397,0.2475
E1H2-3,9389,93,98,0,0,41,55,39.03496571,871.248715,135.89515,0.2427,0.2485
E1H2-4,9387,99,94,0,0,47,49,38.79837058,872.128182,134.44271,0.2438,0.2479
E1H3-1,9292,133,155,0,0,55,41,38.2183796,862.470603,133.18693,0.2415,0.2479
E1H3-2,9292,155,133,0,0,43,53,36.55282945,858.627541,131.19401,0.2417,0.2478
E1H3-3,9292,128,160,0,0,46,50,37.32661875,861.81593,133.65125,0.2448,0.2499
E1H3-4,9295,140,145,0,0,48,48,37.27078429,860.142278,133.14975,0.2438,0.2492
E1H4-1,9199,188,193,0,0,47,49,34.28442568,851.304049,131.75727,0.2435,0.2518
E1H4-2,9197,171,212,0,0,45,51,31.76837296,848.380894,130.67396,0.241,0.2516
E1H4-3,9195,193,192,0,0,54,42,34.17701891,847.673824,130.09667,0.2443,0.2475
E1H4-4,9196,199,185,0,0,48,48,33.43432866,849.9252,130.90025,0.2428,0.2523
E1H5-1,9104,244,232,0,0,52,44,30.67120792,837.945473,129.53113,0.2445,0.2485
E1H5-2,9102,235,243,0,0,45,51,30.68797253,838.103866,129.08738,0.2409,0.2481
E1H5-3,9101,227,252,0,0,38,58,31.86942705,837.248336,128.72086,0.2423,0.2566
E1H5-4,9103,232,245,0,0,45,51,30.60476367,837.832555,128.80118,0.2396,0.2537
E1H6-1,9009,290,281,0,0,39,57,29.10578929,823.822231,129.28641,0.2478,0.255
E1H6-2,9006,278,296,0,0,52,44,29.81534972,820.827415,127.83808,0.2501,0.2556
E1H6-3,9006,294,280,0,0,48,48,28.94720547,825.165612,127.55347,0.2411,0.2489
E1H6-4,9008,289,283,0,0,41,55,29.95615558,827.276991,127.4286,0.2411,0.2551
E1H7-1,8912,336,332,0,0,43,53,27.10733668,817.48904,126.58737,0.2467,0.2494
E1H7-2,8916,325,339,0,0,48,48,28.10187968,818.507486,126.70097,0.2468,0.2593
E1H7-3,8917,350,313,0,0,52,44,28.57441298,810.635888,125.88945,0.2435,0.2698
E1H7-4,8917,313,350,0,0,41,55,28.03675271,817.903466,126.8485,0.2455,0.2644
E1H8-1,8824,366,390,0,0,46,50,26.95784675,802.16994,124.12012,0.2479,0.2705
E1H8-2,8830,372,378,0,0,53,43,26.784252,807.448182,126.59239,0.2484,0.2613
E1H8-3,8817,390,373,0,0,54,42,26.71478835,801.554781,124.36266,0.2436,0.2537
E1H8-4,8820,381,379,0,0,48,48,26.69236281,804.005096,124.85935,0.2464,0.2613
E1H9-1,8732,419,429,0,0,43,53,24.76965961,790.383724,124.54371,0.2552,0.2671
E1H9-2,8728,443,409,0,0,44,52,24.35287834,792.833693,123.28148,0.2433,0.2609
E1H9-3,8723,423,434,0,0,32,64,25.52554656,786.109214,124.04984,0.2479,0.2608
E1H9-4,8735,444,401,0,0,43,53,24.80138731,790.085045,124.30344,0.2456,0.2565
E1H10-1,8642,456,482,0,0,47,49,24.76871789,781.427786,123.47563,0.2575,0.2591
E1H10-2,8635,462,483,0,0,47,49,23.26367729,784.457237,122.8959,0.2494,0.2892
E1H10-3,8633,490,457,0,0,51,45,23.9589865,782.868757,123.27464,0.2492,0.2671
E1H10-4,8630,469,481,0,0,49,47,22.57831006,782.380483,122.69879,0.2597,0.2617
E2H1-1,9388,46,49,0,0,99,94,36.57932387,873.501208,139.91537,0.2769,0.2803
E2H1-2,9387,57,39,0,0,89,104,35.65388473,870.955628,135.15209,0.2396,0.2461
E2H1-3,9388,46,49,0,0,91,102,35.71133503,872.151558,136.39151,0.2429,0.2479
E2H1-4,9387,57,39,0,0,105,88,35.56144528,873.650777,136.33845,0.2415,0.2634
E2H2-1,9291,90,102,0,0,105,88,32.41163561,857.249927,133.20347,0.2409,0.2471
E2H2-2,9291,101,91,0,0,97,96,33.38837849,860.871607,132.34734,0.2439,0.2454
E2H2-3,9290,98,95,0,0,100,93,32.99478951,859.803173,132.39668,0.2415,0.251
E2H2-4,9291,90,102,0,0,107,86,32.21035321,860.706333,132.84652,0.2401,0.2562
E2H3-1,9194,148,141,0,0,96,97,29.8891088,850.89553,131.6087,0.2428,0.2505
E2H3-2,9194,156,133,0,0,86,107,30.32794025,848.647793,131.28407,0.2452,0.2485
E2H3-3,9195,138,150,0,0,91,102,30.84678679,852.387638,131.04483,0.2414,0.2468
E2H3-4,9197,159,127,0,0,94,99,28.73508871,846.959083,130.82409,0.2415,0.2476
E2H4-1,9105,198,180,0,0,102,91,28.43665618,836.544629,129.17944,0.2431,0.2479
E2H4-2,9100,192,191,0,0,96,97,28.53395168,837.12908,128.61746,0.241,0.258
E2H4-3,9100,192,191,0,0,84,109,28.47993962,835.818057,129.47847,0.2432,0.2466
E2H4-4,9100,195,188,0,0,90,103,29.56723353,835.881766,128.55051,0.2431,0.2512
E2H5-1,9004,240,239,0,0,86,107,27.28030162,818.935462,128.35617,0.2517,0.258
E2H5-2,9010,252,221,0,0,95,98,27.62299835,827.560659,127.45112,0.2433,0.2578
E2H5-3,9004,258,221,0,0,93,100,26.35333547,827.595592,127.54007,0.2527,0.2567
E2H5-4,9006,229,248,0,0,97,96,26.57073195,826.113413,127.99203,0.2447,0.2557
E2H6-1,8910,286,287,0,0,101,92,26.01962226,815.425651,125.68293,0.2429,0.2559
E2H6-2,8913,294,276,0,0,89,104,25.27180371,815.89352,126.33424,0.243,0.249
E2H6-3,8907,289,287,0,0,98,95,24.41939917,812.785203,125.61757,0.2392,0.2498
E2H6-4,8911,294,278,0,0,100,93,25.18937518,813.398973,126.43458,0.2457,0.2567
E2H7-1,8813,338,332,0,0,97,96,24.91649747,803.894063,124.88581,0.2501,0.2571
E2H7-2,8814,342,327,0,0,97,96,24.17712044,803.25973,125.72767,0.2573,0.2604
E2H7-3,8821,334,328,0,0,90,103,24.30891244,800.157407,124.59556,0.2478,0.2683
E2H7-4,8822,334,327,0,0,98,95,24.19960725,801.836682,125.37659,0.2445,0.2538
E2H8-1,8732,385,366,0,0,101,92,23.12763401,785.699972,123.22788,0.2435,0.2502
E2H8-2,8722,392,369,0,0,101,92,22.20902139,788.044942,124.18429,0.2467,0.2611
E2H8-3,8727,362,394,0,0,86,107,23.32365826,797.546723,124.74246,0.2525,0.2619
E2H8-4,8720,414,349,0,0,102,91,23.08357313,784.686152,124.78068,0.2495,0.2823
E2H9-1,8628,425,430,0,0,96,97,22.33817578,780.094871,123.47431,0.2521,0.2541
E2H9-2,8632,405,446,0,0,94,99,21.94763065,783.054735,123.43739,0.249,0.2615
E2H9-3,8629,413,441,0,0,101,92,20.98106071,776.547293,121.81422,0.2516,0.2563
E2H9-4,8634,407,442,0,0,95,98,21.67979992,783.454356,122.32071,0.246,0.2526
E2H10-1,8540,465,478,0,0,88,105,20.87232233,767.250862,120.98592,0.2453,0.2542
E2H10-2,8542,457,484,0,0,93,100,21.652335,769.56628,120.82619,0.2518,0.2699
E2H10-3,8541,479,463,0,0,99,94,21.1916224,774.762072,121.28191,0.2486,0.2756
E2H10-4,8539,480,464,0,0,90,103,20.33334066,770.263411,122.46437,0.2874,0.2924
E3H1-1,9290,41,55,0,0,143,147,29.86251827,858.505127,134.39474,0.2413,0.2636
E3H1-2,9290,46,50,0,0,135,155,29.71851611,857.034135,133.43327,0.2401,0.2482
E3H1-3,9291,39,56,0,0,135,155,28.80807877,858.258258,134.51819,0.2444,0.2538
E3H1-4,9290,44,52,0,0,140,150,29.69315797,860.881603,133.93375,0.2422,0.2443
E3H2-1,9193,84,109,0,0,144,146,28.11593466,847.550306,131.59327,0.2432,0.2532
E3H2-2,9194,93,99,0,0,142,148,28.98942224,848.117531,130.4719,0.2392,0.2509
E3H2-3,9193,99,94,0,0,133,157,27.52585134,847.396364,130.59134,0.2409,0.2495
E3H2-4,9194,101,91,0,0,142,148,27.98658532,845.642616,132.10142,0.2532,0.2539
E3H3-1,9098,140,148,0,0,148,142,25.66913266,834.997888,130.70825,0.243,0.2511
E3H3-2,9099,159,128,0,0,130,160,25.16431933,836.881803,127.99844,0.2395,0.2455
E3H3-3,9097,138,151,0,0,137,153,25.80686014,839.644545,129.06949,0.2402,0.2451
E3H3-4,9099,144,143,0,0,143,147,25.62426532,836.733195,128.91017,0.2409,0.254
E3H4-1,9002,188,196,0,0,148,142,24.00969435,825.656938,126.92016,0.2399,0.2519
E3H4-2,9005,190,191,0,0,143,147,24.88155417,822.295165,127.81165,0.2419,0.2529
E3H4-3,9008,191,187,0,0,145,145,25.0955399,824.845985,129.64424,0.2468,0.254
E3H4-4,9003,178,205,0,0,141,149,24.78245308,821.907078,128.88155,0.2461,0.2528
E3H5-1,8910,240,236,0,0,146,144,23.66545697,816.925916,125.82871,0.243,0.2485
E3H5-2,8907,252,227,0,0,153,137,23.29028281,814.517508,125.02833,0.2426,0.253
E3H5-3,8907,244,235,0,0,146,144,23.39436055,813.92242,126.96149,0.2419,0.2659
E3H5-4,8911,237,238,0,0,152,138,23.75645779,806.459378,126.41855,0.2441,0.2642
E3H6-1,8816,283,287,0,0,150,140,22.71117585,801.01219,126.20571,0.2616,0.2702
E3H6-2,8814,266,306,0,0,156,134,23.32370689,807.22896,123.89225,0.2399,0.2507
E3H6-3,8823,276,287,0,0,147,143,22.00249906,804.464956,125.14145,0.2574,0.2693
E3H6-4,8816,287,283,0,0,159,131,22.34960212,803.323542,125.28613,0.2481,0.2593
E3H7-1,8719,335,332,0,0,150,140,21.75697181,792.255927,123.45716,0.2452,0.254
E3H7-2,8713,362,311,0,0,138,152,21.35109434,784.585815,123.93291,0.2662,0.2745
E3H7-3,8723,340,323,0,0,131,159,21.68124544,790.602369,123.71614,0.2506,0.2619
E3H7-4,8723,318,345,0,0,151,139,21.56608184,784.972627,124.5695,0.2527,0.2551
E3H8-1,8627,399,360,0,0,138,152,21.08181855,781.520118,123.66699,0.2675,0.2758
E3H8-2,8623,376,387,0,0,149,141,20.44498925,773.991674,122.91131,0.2576,0.2616
E3H8-3,8627,377,382,0,0,145,145,20.21198505,773.714126,122.6621,0.2566,0.26
E3H8-4,8625,369,392,0,0,143,147,20.57311778,779.839902,124.13951,0.2726,0.2761
E3H9-1,8537,409,440,0,0,138,152,19.07999594,774.606508,121.19609,0.2489,0.2769
E3H9-2,8530,429,427,0,0,139,151,19.23397066,768.221145,120.69025,0.2625,0.2709
E3H9-3,8535,409,442,0,0,141,149,19.44479256,764.145807,121.8789,0.2575,0.2797
E3H9-4,8533,411,442,0,0,141,149,19.7577114,761.672923,120.93566,0.2436,0.258
E3H10-1,8453,460,473,0,0,141,149,18.88458779,757.784595,121.85445,0.2711,0.274
E3H10-2,8444,471,471,0,0,139,151,19.34967992,755.636696,120.83787,0.254,0.2679
E3H10-3,8449,454,483,0,0,136,154,19.20427513,761.65778,123.08038,0.266,0.2713
E3H10-4,8442,475,469,0,0,152,138,17.89629766,749.149886,120.64484,0.2549,0.259
E4H1-1,9193,48,48,0,0,188,199,26.76795761,849.634794,131.3827,0.2412,0.2478
E4H1-2,9193,48,48,0,0,204,183,26.93776063,848.720033,132.87634,0.2452,0.2543
E4H1-3,9193,43,53,0,0,188,199,25.76447521,847.569323,133.19456,0.2444,0.2506
E4H1-4,9193,58,38,0,0,185,202,25.62980472,844.373709,132.12353,0.2436,0.2489
E4H2-1,9097,104,88,0,0,185,202,24.68156675,835.912175,129.2163,0.2435,0.2463
E4H2-2,9097,99,93,0,0,188,199,25.03444936,833.209269,130.50141,0.2458,0.2488
E4H2-3,9097,94,98,0,0,201,186,25.27506044,836.693524,130.39701,0.2474,0.2521
E4H2-4,9099,96,94,0,0,166,221,23.87108215,833.229736,128.59107,0.2389,0.249
E4H3-1,9000,146,143,0,0,178,209,23.55192978,823.464086,127.68346,0.2493,0.2539
E4H3-2,9001,136,152,0,0,206,181,22.75372027,827.551197,129.827,0.2463,0.2578
E4H3-3,9003,151,135,0,0,201,186,24.03194157,822.178355,128.89249,0.2411,0.2538
E4H3-4,9001,141,147,0,0,218,169,23.05498948,826.554794,128.94184,0.2444,0.2532
E4H4-1,8908,172,209,0,0,196,191,22.08347397,817.702155,127.00028,0.2494,0.2543
E4H4-2,8905,187,197,0,0,193,194,22.23620677,815.031736,127.1453,0.2431,0.2515
E4H4-3,8903,190,196,0,0,183,204,22.52616205,808.794589,126.53785,0.2453,0.2517
E4H4-4,8904,195,190,0,0,210,177,22.31889471,817.542532,126.69102,0.2431,0.2605
E4H5-1,8809,238,242,0,0,198,189,20.61466899,805.299042,125.95762,0.2429,0.267
E4H5-2,8809,230,250,0,0,203,184,21.3142626,804.074621,126.06748,0.2458,0.2511
E4H5-3,8811,231,247,0,0,197,190,20.37452456,801.768355,125.38645,0.2424,0.2478
E4H5-4,8815,250,224,0,0,192,195,21.1035255,797.895239,125.88965,0.2409,0.2669
E4H6-1,8717,281,291,0,0,189,198,19.89569851,786.017926,124.11395,0.2581,0.2703
E4H6-2,8721,290,278,0,0,194,193,20.79347871,793.421166,124.79916,0.2455,0.2615
E4H6-3,8716,298,275,0,0,187,200,20.32179409,791.567831,123.31084,0.2416,0.2501
E4H6-4,8715,301,273,0,0,180,207,19.88920723,787.346203,122.12171,0.2415,0.2667
E4H7-1,8635,327,327,0,0,191,196,19.81891613,779.881841,122.68979,0.2516,0.2711
E4H7-2,8627,324,338,0,0,196,191,19.53524973,779.729184,124.35294,0.2714,0.2731
E4H7-3,8624,313,352,0,0,179,208,18.87559669,776.782507,122.89257,0.2638,0.2694
E4H7-4,8630,313,346,0,0,198,189,19.51290511,769.02314,123.04337,0.2507,0.2669
E4H8-1,8526,400,363,0,0,180,207,18.54225199,762.444134,122.04054,0.264,0.2909
E4H8-2,8529,389,371,0,0,197,190,18.32369237,771.407015,122.11237,0.2678,0.2791
E4H8-3,8530,390,369,0,0,180,207,18.22655514,761.903267,121.40312,0.2452,0.2659
E4H8-4,8524,385,380,0,0,201,186,19.00328836,769.741234,121.96069,0.2529,0.2724
E4H9-1,8438,439,412,0,0,190,197,16.90569611,749.998453,122.60236,0.273,0.2771
E4H9-2,8437,421,431,0,0,190,197,18.25974994,756.782053,121.10921,0.2583,0.2771
E4H9-3,8441,435,413,0,0,185,202,17.98511572,758.658889,119.59516,0.2472,0.2548
E4H9-4,8443,415,431,0,0,192,195,17.93105509,757.365515,121.54474,0.2558,0.2815
E4H10-1,8344,476,469,0,0,179,208,17.00407877,739.528619,121.11574,0.2854,0.2872
E4H10-2,8338,483,468,0,0,209,178,17.512378,743.999955,119.92638,0.2669,0.3024
E4H10-3,8338,448,503,0,0,201,186,17.61449773,748.988306,119.51361,0.2545,0.2701
E4H10-4,8352,484,453,0,0,193,194,17.31661765,737.053374,120.26431,0.2869,0.2916
E5H1-1,9097,52,44,0,0,247,236,23.31796675,836.440304,131.03968,0.2398,0.2506
E5H1-2,9097,37,59,0,0,236,247,23.20516002,836.107217,129.82905,0.2419,0.2602
E5H1-3,9097,48,48,0,0,242,241,23.40918977,834.775531,130.52618,0.2434,0.2536
E5H1-4,9098,50,45,0,0,250,233,22.94964366,836.211639,131.66937,0.2466,0.2516
E5H2-1,9001,97,95,0,0,245,238,22.33935374,822.943294,129.22217,0.2442,0.2524
E5H2-2,9001,92,100,0,0,232,251,22.19654172,823.365792,129.12944,0.2444,0.2514
E5H2-3,9002,98,93,0,0,252,231,21.07518631,817.475723,128.21851,0.2434,0.2551
E5H2-4,9002,103,88,0,0,239,244,21.18623991,824.916112,127.33167,0.2431,0.246
E5H3-1,8905,157,131,0,0,237,246,20.98466596,813.108569,126.87084,0.2423,0.246
E5H3-2,8903,146,144,0,0,260,223,20.89923474,812.643621,127.64912,0.2428,0.2509
E5H3-3,8907,135,151,0,0,256,227,19.86543828,813.416548,126.88443,0.25,0.2608
E5H3-4,8904,165,124,0,0,237,246,20.21564622,812.403291,126.94912,0.2414,0.2481
E5H4-1,8811,192,190,0,0,257,226,20.77120763,799.778726,126.54765,0.2514,0.2677
E5H4-2,8811,189,193,0,0,254,229,19.72751785,801.473782,125.13135,0.2459,0.2603
E5H4-3,8810,185,198,0,0,238,245,19.61311651,797.114933,126.05215,0.2443,0.2552
E5H4-4,8812,192,189,0,0,224,259,20.3167406,803.630522,126.09169,0.2489,0.2741
E5H5-1,8718,234,241,0,0,240,243,18.34251876,792.875513,124.53679,0.2587,0.271
E5H5-2,8716,236,241,0,0,239,244,19.52762435,791.993055,123.35823,0.246,0.2601
E5H5-3,8712,243,238,0,0,234,249,18.94749454,787.522737,123.28109,0.2416,0.2623
E5H5-4,8718,243,232,0,0,243,240,17.67700433,787.438801,123.63811,0.2411,0.244
E5H6-1,8618,270,305,0,0,228,255,18.18173365,781.138658,122.50903,0.2422,0.2759
E5H6-2,8625,294,274,0,0,238,245,17.97815019,781.066739,123.72347,0.2547,0.268
E5H6-3,8624,286,283,0,0,267,216,18.5374173,778.495443,123.11222,0.2512,0.2639
E5H6-4,8616,294,283,0,0,236,247,18.0406548,778.743376,123.55799,0.2487,0.2634
E5H7-1,8526,347,320,0,0,236,247,17.38619937,769.540076,121.93103,0.2552,0.2773
E5H7-2,8527,361,305,0,0,226,257,17.40437945,760.92697,123.688,0.2696,0.2711
E5H7-3,8527,349,317,0,0,231,252,17.14031317,766.897318,122.1536,0.2467,0.2611
E5H7-4,8531,365,297,0,0,232,251,17.12266052,766.59147,122.06449,0.2455,0.2532
E5H8-1,8436,364,393,0,0,238,245,17.05999499,753.525735,120.59585,0.2529,0.273
E5H8-2,8434,381,378,0,0,242,241,16.74404972,762.401028,122.0607,0.2581,0.2588
E5H8-3,8435,419,339,0,0,223,260,16.46074245,757.989115,120.71134,0.2646,0.2653
E5H8-4,8438,375,380,0,0,238,245,17.31425591,750.678309,119.83978,0.247,0.2705
E5H9-1,8337,413,443,0,0,244,239,16.26101673,742.699447,120.38728,0.2559,0.2808
E5H9-2,8341,422,430,0,0,236,247,16.59532543,744.373313,120.20889,0.2587,0.2722
E5H9-3,8342,414,437,0,0,255,228,16.65865447,745.353681,119.95714,0.2614,0.2759
E5H9-4,8344,418,431,0,0,251,232,16.22013277,748.292995,119.56186,0.244,0.2706
E5H10-1,8252,465,476,0,0,249,234,15.29602009,731.919681,120.73228,0.2879,0.29
E5H10-2,8263,466,464,0,0,251,232,15.55942904,738.144233,119.64436,0.249,0.2675
E5H10-3,8249,487,457,0,0,241,242,15.57276521,724.918324,118.30691,0.2559,0.2597
E5H10-4,8256,480,457,0,0,229,254,15.02115962,742.28988,119.79937,0.272,0.291
E6H1-1,9000,53,43,0,0,278,302,20.96802669,826.664768,128.25909,0.2378,0.2576
E6H1-2,9000,50,46,0,0,305,275,20.55221843,819.669885,130.5565,0.2453,0.2504
E6H1-3,9000,43,53,0,0,286,294,19.45686493,819.870758,129.38863,0.2439,0.2573
E6H1-4,9001,41,54,0,0,289,291,20.92319845,822.580911,128.83084,0.2394,0.2499
E6H2-1,8903,89,104,0,0,313,267,19.65247199,812.540486,127.21008,0.2415,0.2507
E6H2-2,8907,92,97,0,0,295,285,19.67244009,812.204114,126.84772,0.2406,0.252
E6H2-3,8903,93,100,0,0,286,294,19.080847,814.026142,127.1324,0.2438,0.2628
E6H2-4,8903,101,92,0,0,296,284,19.51377664,811.450239,127.22629,0.2425,0.2607
E6H3-1,8811,145,140,0,0,285,295,18.64839467,802.742756,125.61341,0.2452,0.2611
E6H3-2,8806,150,140,0,0,314,266,18.71255909,799.363915,123.72637,0.2367,0.2637
E6H3-3,8808,148,140,0,0,293,287,18.80495798,798.822954,125.21109,0.2478,0.259
E6H3-4,8807,144,145,0,0,310,270,18.15376231,804.023601,125.78572,0.2401,0.2643
E6H4-1,8720,189,187,0,0,294,286,17.7657757,793.516786,124.32454,0.2451,0.2555
E6H4-2,8713,176,207,0,0,286,294,17.8883914,795.128177,124.25781,0.2423,0.2706
E6H4-3,8715,184,197,0,0,283,297,17.63928675,791.771031,123.28002,0.239,0.2547
E6H4-4,8713,190,193,0,0,297,283,18.16626685,785.908139,123.73752,0.245,0.2609
E6H5-1,8622,246,228,0,0,300,280,16.84937582,777.30571,123.70384,0.252,0.2682
E6H5-2,8617,268,211,0,0,286,294,17.35294758,782.349284,122.31829,0.2454,0.2536
E6H5-3,8619,219,258,0,0,306,274,17.55036749,785.860464,123.22203,0.2433,0.2563
E6H5-4,8619,237,240,0,0,291,289,16.89560721,771.903657,123.24688,0.2685,0.27
E6H6-1,8528,275,293,0,0,311,269,16.78621118,769.211259,121.74276,0.2441,0.2593
E6H6-2,8528,289,279,0,0,311,269,16.71437615,756.906067,122.07277,0.2504,0.2758
E6H6-3,8533,304,259,0,0,300,280,17.21638941,773.815747,122.14461,0.2446,0.2518
E6H6-4,8529,274,293,0,0,293,287,16.32944231,767.304,124.19026,0.2759,0.2785
E6H7-1,8439,336,321,0,0,271,309,16.08317565,763.188149,121.16559,0.2529,0.2809
E6H7-2,8426,318,352,0,0,292,288,16.15331633,763.01749,121.46996,0.2462,0.2603
E6H7-3,8432,339,325,0,0,301,279,16.40904268,751.178816,119.40218,0.2518,0.2674
E6H7-4,8431,349,316,0,0,299,281,15.49690211,754.35827,120.97654,0.2636,0.271
E6H8-1,8337,371,388,0,0,283,297,15.09730642,748.063364,120.69607,0.2569,0.2641
E6H8-2,8343,386,367,0,0,284,296,15.96946006,753.514652,121.11879,0.2755,0.2803
E6H8-3,8334,373,389,0,0,293,287,15.11916895,743.912294,120.5616,0.2598,0.2693
E6H8-4,8338,383,375,0,0,292,288,14.8776316,743.298409,120.66603,0.2572,0.2672
E6H9-1,8248,427,421,0,0,295,285,15.06773764,727.721591,119.08878,0.2678,0.2725
E6H9-2,8240,437,419,0,0,290,290,14.88583657,717.886331,119.59595,0.2693,0.2716
E6H9-3,8248,419,429,0,0,290,290,15.27645997,730.514542,117.83872,0.2478,0.2649
E6H9-4,8256,420,420,0,0,289,291,14.78337699,733.343036,119.93075,0.2672,0.2737
E6H10-1,8156,490,450,0,0,285,295,14.42450806,726.32733,118.91808,0.2741,0.2926
E6H10-2,8147,442,507,0,0,282,298,15.24383292,719.913697,120.27492,0.2798,0.2837
E6H10-3,8148,482,466,0,0,269,311,14.34452434,721.047484,120.58057,0.2952,0.3078
E6H10-4,8152,487,457,0,0,275,305,14.81202352,723.799481,118.87944,0.2838,0.2879
E7H1-1,8903,56,40,0,0,325,352,18.79975819,810.240394,128.44039,0.2536,0.2542
E7H1-2,8904,51,44,0,0,349,328,18.4905355,811.934779,127.54669,0.2415,0.2597
E7H1-3,8904,52,43,0,0,334,343,18.70783683,812.85055,126.32397,0.2372,0.2451
E7H1-4,8904,53,42,0,0,319,358,18.01600956,809.730731,127.68702,0.2407,0.252
E7H2-1,8807,85,107,0,0,315,362,17.92331285,797.008701,126.21751,0.25,0.2554
E7H2-2,8807,92,100,0,0,358,319,17.95107876,796.782301,125.79856,0.2453,0.2573
E7H2-3,8807,107,85,0,0,350,327,17.49051662,804.053477,125.86689,0.2478,0.2504
E7H2-4,8810,103,86,0,0,344,333,16.94773888,793.462226,125.44454,0.2436,0.2544
E7H3-1,8714,155,130,0,0,356,321,16.90974858,794.290282,124.28989,0.2409,0.2606
E7H3-2,8709,149,141,0,0,323,354,17.08876595,790.554957,125.06318,0.247,0.2687
E7H3-3,8711,141,147,0,0,330,347,16.56113798,787.646394,124.78103,0.2486,0.2561
E7H3-4,8710,130,159,0,0,341,336,16.76808339,785.763673,124.56193,0.2448,0.2497
E7H4-1,8619,186,194,0,0,349,328,16.23050982,779.207681,122.74294,0.2446,0.2784
E7H4-2,8618,184,197,0,0,340,337,16.27040328,775.051207,123.4627,0.2484,0.2553
E7H4-3,8616,199,184,0,0,354,323,15.94433767,774.765349,122.85679,0.246,0.2637
E7H4-4,8616,180,203,0,0,352,325,16.89663387,779.40747,121.9965,0.2407,0.2649
E7H5-1,8526,237,236,0,0,332,345,15.08528636,768.908807,121.63244,0.2611,0.2751
E7H5-2,8526,247,226,0,0,327,350,15.3188163,768.659983,122.21788,0.2673,0.2749
E7H5-3,8522,238,239,0,0,332,345,15.38650864,760.128557,122.86421,0.2558,0.2599
E7H5-4,8517,230,252,0,0,345,332,16.04752243,764.936547,123.64701,0.2617,0.2648
E7H6-1,8425,301,273,0,0,333,344,15.08972578,755.395887,121.37101,0.2616,0.2814
E7H6-2,8430,282,287,0,0,347,330,15.14512223,755.50039,120.39419,0.2526,0.2548
E7H6-3,8428,287,284,0,0,360,317,14.99710764,752.462283,121.96098,0.2751,0.2789
E7H6-4,8433,279,287,0,0,344,333,15.37262254,745.798121,119.56996,0.246,0.2613
E7H7-1,8336,311,352,0,0,347,330,14.68333341,753.118719,120.21767,0.2689,0.2752
E7H7-2,8332,325,342,0,0,338,339,14.98951162,744.715795,120.11253,0.2508,0.2727
E7H7-3,8337,312,350,0,0,343,334,14.52845494,750.146418,123.32597,0.2904,0.2922
E7H7-4,8334,337,328,0,0,321,356,14.89935091,742.840408,120.69921,0.2579,0.2727
E7H8-1,8238,366,395,0,0,348,329,14.50768815,736.386738,121.02531,0.2704,0.2767
E7H8-2,8239,355,405,0,0,350,327,15.05066737,735.596193,118.79184,0.257,0.272
E7H8-3,8238,384,377,0,0,337,340,14.04212064,731.505069,119.58848,0.259,0.2614
E7H8-4,8238,370,391,0,0,322,355,14.27734618,722.732918,119.50735,0.2573,0.2733
E7H9-1,8156,427,416,0,0,345,332,13.75456051,728.088651,118.81269,0.2967,0.3009
E7H9-2,8143,430,426,0,0,346,331,13.14749783,716.069105,119.3567,0.2961,0.2994
E7H9-3,8154,410,435,0,0,350,327,14.4322242,724.772327,118.17578,0.2755,0.2772
E7H9-4,8151,436,412,0,0,326,351,13.79619769,728.257945,117.8327,0.2563,0.2971
E7H10-1,8055,473,471,0,0,346,331,13.50673143,712.822634,118.04078,0.2768,0.2798
E7H10-2,8065,445,489,0,0,343,334,13.49286742,695.102824,120.13063,0.3115,0.3279
E7H10-3,8050,455,494,0,0,341,336,13.3208742,703.403783,120.89086,0.3057,0.3084
E7H10-4,8061,482,456,0,0,356,321,13.4596717,713.50993,117.27064,0.2837,0.2911
E8H1-1,8807,46,49,0,0,371,403,17.01714043,801.252153,126.11228,0.2437,0.2546
E8H1-2,8807,41,54,0,0,383,391,17.0653494,800.394726,125.8194,0.241,0.265
E8H1-3,8806,49,47,0,0,375,399,17.34172333,804.595912,126.98358,0.2418,0.2573
E8H1-4,8806,47,49,0,0,373,401,17.08402226,804.16318,124.78982,0.241,0.2456
E8H2-1,8711,97,94,0,0,385,389,16.41211651,792.074769,124.3793,0.2416,0.2618
E8H2-2,8709,88,105,0,0,386,388,16.63743482,789.994772,125.26747,0.2498,0.2642
E8H2-3,8710,88,104,0,0,390,384,16.13372003,783.148311,125.26302,0.2531,0.2617
E8H2-4,8709,110,83,0,0,378,396,15.85973708,788.030944,125.41413,0.2468,0.2564
E8H3-1,8612,145,145,0,0,384,390,15.77030536,777.340658,122.98088,0.2433,0.2589
E8H3-2,8615,134,153,0,0,393,381,15.91938913,781.190695,122.64014,0.2449,0.268
E8H3-3,8613,146,143,0,0,387,387,15.38918352,769.504055,123.26805,0.2425,0.2568
E8H3-4,8614,151,137,0,0,394,380,16.04747677,765.933005,125.407,0.2673,0.2707
E8H4-1,8519,198,185,0,0,389,385,14.83619876,767.757813,121.45749,0.2695,0.2766
E8H4-2,8519,187,196,0,0,370,404,14.43701387,766.659717,122.3861,0.2535,0.2674
E8H4-3,8521,190,191,0,0,402,372,15.10383466,765.500658,121.0346,0.2373,0.2404
E8H4-4,8518,196,188,0,0,377,397,15.20953525,770.947495,122.43676,0.2474,0.2595
E8H5-1,8425,253,224,0,0,379,395,14.83048535,756.5772,121.31367,0.2523,0.277
E8H5-2,8422,247,233,0,0,377,397,14.79102439,757.834005,119.68077,0.2445,0.2474
E8H5-3,8426,227,249,0,0,376,398,14.35,752.010544,121.8267,0.2673,0.2699
E8H5-4,8425,222,255,0,0,378,396,14.93499213,755.814593,120.61651,0.2549,0.2902
E8H6-1,8326,280,296,0,0,398,376,14.20293522,741.870839,121.44827,0.3063,0.3079
E8H6-2,8326,292,284,0,0,389,385,13.90440689,747.158761,118.89335,0.2445,0.261
E8H6-3,8329,300,273,0,0,379,395,14.28437018,753.710765,119.51836,0.256,0.2593
E8H6-4,8330,269,303,0,0,400,374,13.99948142,743.829262,122.26173,0.2775,0.2797
E8H7-1,8237,343,322,0,0,370,404,13.10939027,729.177816,121.1753,0.2776,0.2827
E8H7-2,8239,337,326,0,0,381,393,14.17142033,733.235493,120.66174,0.272,0.2777
E8H7-3,8244,339,319,0,0,393,381,13.35684383,740.62629,118.78776,0.2652,0.2708
E8H7-4,8242,350,310,0,0,394,380,13.90235936,738.908201,119.83628,0.2714,0.2762
E8H8-1,8147,380,375,0,0,361,413,13.17528419,720.099954,120.37984,0.2888,0.2993
E8H8-2,8137,397,368,0,0,372,402,13.52642762,721.753651,117.85935,0.2611,0.2653
E8H8-3,8145,397,360,0,0,414,360,13.68744184,728.158973,119.5756,0.2868,0.2897
E8H8-4,8143,381,378,0,0,385,389,13.82522731,717.269016,118.04448,0.2813,0.3005
E8H9-1,8046,426,430,0,0,381,393,13.32292702,713.120442,118.47102,0.2713,0.303
E8H9-2,8046,441,415,0,0,380,394,13.22185015,715.498491,117.56315,0.2609,0.2815
E8H9-3,8059,403,440,0,0,379,395,13.36230987,715.994727,117.46067,0.2722,0.3036
E8H9-4,8051,435,416,0,0,388,386,13.46409069,716.055457,119.82496,0.2823,0.2894
E8H10-1,7963,437,502,0,0,403,371,12.39052769,691.627085,120.83918,0.294,0.3007
E8H10-2,7959,453,490,0,0,397,377,12.73070845,711.719631,114.48774,0.2485,0.255
E8H10-3,7965,484,453,0,0,398,376,13.06460162,695.379309,117.23323,0.3053,0.3072
E8H10-4,7963,472,467,0,0,389,385,13.45159761,708.26317,118.0622,0.285,0.2963
E9H1-1,8711,39,56,0,0,427,443,15.9820878,781.949295,124.73508,0.2458,0.2538
E9H1-2,8710,40,56,0,0,423,447,14.88026266,785.578749,125.90182,0.2489,0.2598
E9H1-3,8712,42,52,0,0,449,421,15.54830962,780.917119,125.58265,0.2525,0.2568
E9H1-4,8710,42,54,0,0,444,426,15.55408746,790.3017,124.9259,0.2422,0.267
E9H2-1,8613,99,94,0,0,420,450,15.12103812,779.549903,123.91772,0.2456,0.2593
E9H2-2,8613,95,98,0,0,431,439,15.4120948,774.435864,123.30498,0.2429,0.2598
E9H2-3,8614,90,102,0,0,455,415,15.14783323,778.997542,124.31537,0.2442,0.26
E9H2-4,8614,86,106,0,0,429,441,14.98377694,768.626999,124.84562,0.2485,0.2623
E9H3-1,8520,156,130,0,0,436,434,15.02922186,759.558051,121.16252,0.2419,0.2636
E9H3-2,8518,122,166,0,0,458,412,14.62970767,763.471287,121.35515,0.2456,0.2766
E9H3-3,8520,127,159,0,0,441,429,14.59798152,767.67765,120.7701,0.2436,0.259
E9H3-4,8520,141,145,0,0,441,429,14.32898197,764.036283,121.67698,0.2778,0.2862
E9H4-1,8422,180,204,0,0,421,449,14.13122731,740.741868,123.41599,0.2787,0.2812
E9H4-2,8423,188,195,0,0,431,439,14.38198003,755.106216,120.57547,0.2498,0.2659
E9H4-3,8424,192,190,0,0,433,437,13.92183655,744.115809,120.84383,0.2562,0.2658
E9H4-4,8425,196,185,0,0,430,440,13.99783124,755.819925,120.77353,0.2453,0.2725
E9H5-1,8327,245,234,0,0,431,439,13.70595422,739.021225,119.85041,0.2504,0.2571
E9H5-2,8327,248,231,0,0,446,424,13.36382213,732.40159,121.18702,0.2719,0.2745
E9H5-3,8331,233,242,0,0,453,417,13.96704627,738.202117,119.50323,0.2523,0.2637
E9H5-4,8331,245,230,0,0,423,447,13.83132674,748.899177,119.54851,0.2663,0.2757
E9H6-1,8236,275,295,0,0,451,419,14.11064725,730.176435,119.20593,0.2526,0.2646
E9H6-2,8238,268,300,0,0,438,432,13.33648187,730.335123,121.43811,0.3033,0.3048
E9H6-3,8237,297,272,0,0,428,442,13.38388454,736.513499,117.94377,0.2457,0.2526
E9H6-4,8236,271,299,0,0,455,415,13.14435028,728.659768,118.90724,0.2567,0.2747
E9H7-1,8151,323,332,0,0,449,421,13.15501078,726.493601,119.14376,0.2794,0.2839
E9H7-2,8144,333,329,0,0,452,418,13.26529765,720.457874,119.19298,0.2742,0.2764
E9H7-3,8142,331,333,0,0,460,410,12.5609046,711.482245,119.22102,0.2765,0.2774
E9H7-4,8134,343,329,0,0,415,455,13.27458647,715.174907,119.63758,0.2713,0.2982
E9H8-1,8052,384,370,0,0,445,425,12.52193221,699.017447,117.00372,0.2641,0.2682
E9H8-2,8049,353,404,0,0,406,464,12.36202272,703.394105,119.45812,0.2861,0.2871
E9H8-3,8053,383,370,0,0,436,434,12.63203873,715.302108,118.5814,0.2697,0.2791
E9H8-4,8044,359,403,0,0,453,417,12.3654115,719.506341,116.28228,0.2484,0.2906
E9H9-1,7963,454,389,0,0,434,436,13.16406384,680.550854,119.49456,0.2999,0.3031
E9H9-2,7962,420,424,0,0,454,416,12.09622444,695.020044,117.8666,0.2792,0.3015
E9H9-3,7951,441,414,0,0,432,438,12.23773177,708.103833,120.33501,0.2978,0.3004
E9H9-4,7949,431,426,0,0,423,447,12.41361995,702.903833,119.19012,0.2999,0.3015
E9H10-1,7862,478,466,0,0,430,440,12.3057587,689.3921,117.37892,0.2988,0.303
E9H10-2,7862,466,478,0,0,435,435,12.36716508,681.000105,117.47358,0.2926,0.2967
E9H10-3,7863,486,457,0,0,444,426,12.02536903,686.292566,115.9413,0.259,0.2837
E9H10-4,7863,459,484,0,0,464,406,12.18083224,692.215971,116.6596,0.2646,0.2811
E10H1-1,8614,55,40,0,0,482,485,14.61638243,774.390787,123.19336,0.2514,0.256
E10H1-2,8613,44,52,0,0,488,479,14.30117915,767.259638,123.31231,0.2432,0.288
E10H1-3,8613,54,42,0,0,498,469,15.02011803,775.563518,124.50348,0.2452,0.2731
E10H1-4,8613,44,52,0,0,492,475,14.49276376,774.144559,124.47664,0.2458,0.2668
E10H2-1,8516,103,90,0,0,487,480,14.47547384,766.942853,122.55042,0.249,0.2839
E10H2-2,8517,100,92,0,0,476,491,14.58135586,768.339764,122.45348,0.2474,0.2926
E10H2-3,8516,103,90,0,0,472,495,13.58121657,767.683192,122.70603,0.246,0.2717
E10H2-4,8516,87,106,0,0,498,469,13.99111089,767.707535,122.6271,0.2615,0.2696
E10H3-1,8422,148,139,0,0,486,481,12.91624095,751.290489,121.25645,0.2677,0.283
E10H3-2,8421,153,135,0,0,492,475,14.10964438,752.920202,121.20575,0.2574,0.2992
E10H3-3,8421,141,147,0,0,457,510,13.50691377,757.08317,120.34918,0.2419,0.257
E10H3-4,8421,154,134,0,0,488,479,13.5206383,760.142158,122.40832,0.2561,0.2701
E10H4-1,8324,187,198,0,0,485,482,12.76332461,737.419866,119.46141,0.2468,0.2665
E10H4-2,8324,196,189,0,0,482,485,13.18598728,741.070992,120.48363,0.2666,0.2853
E10H4-3,8325,201,183,0,0,479,488,12.90020887,745.805534,120.36502,0.246,0.2653
E10H4-4,8328,205,176,0,0,487,480,13.36415178,746.805499,120.07974,0.2515,0.2676
E10H5-1,8230,231,248,0,0,472,495,12.72354122,738.293245,118.89099,0.2471,0.276
E10H5-2,8231,236,242,0,0,472,495,12.9363039,728.287621,120.31584,0.2604,0.2779
E10H5-3,8232,222,255,0,0,481,486,12.91574949,735.069366,118.05795,0.2473,0.2658
E10H5-4,8231,247,231,0,0,495,472,12.49822634,735.628859,118.67506,0.2506,0.2791
E10H6-1,8137,302,270,0,0,480,487,12.58955583,718.66662,119.3563,0.2757,0.3095
E10H6-2,8139,276,294,0,0,495,472,12.84830143,721.39802,119.12256,0.27,0.2742
E10H6-3,8135,290,284,0,0,487,480,12.26961501,714.001296,118.7803,0.2659,0.2733
E10H6-4,8143,280,286,0,0,502,465,12.61956207,726.989128,119.09381,0.2761,0.2801
E10H7-1,8048,337,324,0,0,496,471,11.86043616,696.565488,118.91637,0.2797,0.2843
E10H7-2,8047,346,316,0,0,478,489,12.63798777,712.364529,116.81704,0.2794,0.2843
E10H7-3,8040,331,338,0,0,479,488,12.65026116,715.676004,118.81691,0.297,0.3302
E10H7-4,8045,335,329,0,0,475,492,11.87651742,704.92566,118.53083,0.2765,0.2825
E10H8-1,7953,370,386,0,0,502,465,11.847325,701.417498,117.05481,0.2664,0.3112
E10H8-2,7957,369,383,0,0,477,490,12.19199718,703.467832,117.80011,0.2852,0.2951
E10H8-3,7956,366,387,0,0,460,507,12.29292415,695.335794,118.5399,0.3035,0.3069
E10H8-4,7953,381,375,0,0,489,478,12.10762868,708.532552,117.74661,0.281,0.2882
E10H9-1,7859,414,436,0,0,479,488,11.63363162,681.076161,119.14741,0.2947,0.2991
E10H9-2,7854,433,422,0,0,477,490,11.65010675,680.721965,116.00238,0.281,0.2967
E10H9-3,7867,425,417,0,0,488,479,12.15522232,692.136264,120.42876,0.3072,0.3111
E10H9-4,7861,428,420,0,0,485,482,12.02469422,677.581612,116.90248,0.2946,0.2981
E10H10-1,7769,461,479,0,0,452,515,12.28160602,675.31173,118.67886,0.3113,0.3292
E10H10-2,7769,488,452,0,0,470,497,11.54078376,684.465946,119.95869,0.3437,0.3489
E10H10-3,7769,464,476,0,0,482,485,11.81528667,686.048381,118.07129,0.2978,0.3065
E10H10-4,7768,474,467,0,0,511,456,11.55979727,684.102651,118.18937,0.296,0.3
M1H1-1,9484,47,49,47,49,0,0,44.75,883.959134,137.48514,0.2412,0.2635
M1H1-2,9484,47,49,49,47,0,0,46.13,884.360687,136.95219,0.2399,0.2502
M1H1-3,9484,46,50,49,47,0,0,45.57,883.515981,142.88124,0.2989,0.3019
M1H1-4,9484,45,51,54,42,0,0,44.00,881.968931,136.80316,0.2492,0.252
M1H2-1,9387,103,90,47,49,0,0,40.33,868.572341,134.03011,0.2407,0.2499
M1H2-2,9387,93,100,54,42,0,0,41.31,869.167314,134.22004,0.2386,0.248
M1H2-3,9390,98,92,42,54,0,0,40.82,872.3792,134.59032,0.243,0.2555
M1H2-4,9387,99,94,52,44,0,0,38.90,871.310914,133.00691,0.2364,0.2443
M1H3-1,9292,134,154,46,50,0,0,36.57,859.190923,133.15207,0.2417,0.2514
M1H3-2,9291,140,149,47,49,0,0,37.95,859.033184,132.77327,0.2432,0.2538
M1H3-3,9295,158,127,44,52,0,0,35.99,861.303513,132.18067,0.2443,0.2476
M1H3-4,9294,140,146,52,44,0,0,37.83,863.063386,132.54038,0.2415,0.2528
M1H4-1,9197,194,189,55,41,0,0,34.53,851.999153,130.13022,0.2393,0.2522
M1H4-2,9199,194,187,48,48,0,0,34.69,848.899863,130.20148,0.2397,0.2479
M1H4-3,9196,197,187,51,45,0,0,35.61,849.541804,129.6155,0.2431,0.2477
M1H4-4,9201,189,190,50,46,0,0,35.30,847.939255,130.97976,0.2418,0.2712
M1H5-1,9102,250,228,50,46,0,0,31.79,839.28206,130.26112,0.2437,0.254
M1H5-2,9102,227,251,48,48,0,0,32.79,838.02157,130.08212,0.2527,0.2585
M1H5-3,9102,241,237,50,46,0,0,32.81,837.466376,129.21653,0.2428,0.2532
M1H5-4,9107,239,234,44,52,0,0,32.81,839.321566,129.08596,0.244,0.2508
M1H6-1,9007,270,303,47,49,0,0,30.76,828.880685,128.87858,0.2473,0.263
M1H6-2,9008,298,274,52,44,0,0,29.62,829.068359,126.80132,0.24,0.2523
M1H6-3,9011,283,286,37,59,0,0,30.54,827.385031,128.50626,0.245,0.2579
M1H6-4,9008,292,280,52,44,0,0,30.68,823.54912,128.22203,0.2453,0.251
M1H7-1,8916,355,309,42,54,0,0,28.77,816.659985,125.71559,0.2448,0.2601
M1H7-2,8919,344,317,42,54,0,0,27.65,815.198482,125.54288,0.2406,0.2452
M1H7-3,8913,334,333,53,43,0,0,28.55,814.978846,127.01009,0.2474,0.2691
M1H7-4,8914,350,316,50,46,0,0,29.23,815.184792,125.91291,0.2438,0.2635
M1H8-1,8822,337,421,44,52,0,0,27.00,801.944574,125.0147,0.2483,0.2647
M1H8-2,8815,374,391,48,48,0,0,25.82,804.255833,123.84833,0.2425,0.2512
M1H8-3,8820,365,395,50,46,0,0,25.91,802.369433,124.16531,0.2474,0.257
M1H8-4,8822,399,359,54,42,0,0,26.35,810.328909,124.4091,0.2411,0.2523
M1H9-1,8733,424,423,46,50,0,0,25.66,797.298505,123.95524,0.266,0.2696
M1H9-2,8726,444,410,45,51,0,0,26.09,793.743276,123.8473,0.2632,0.2678
M1H9-3,8733,423,424,50,46,0,0,25.01,791.549337,124.10749,0.2548,0.2559
M1H9-4,8724,391,465,45,51,0,0,25.08,794.519456,123.26187,0.2455,0.249
M1H10-1,8638,472,470,46,50,0,0,24.76,785.612699,122.51792,0.253,0.2621
M1H10-2,8640,488,452,43,53,0,0,24.37,776.439639,122.66218,0.2625,0.2781
M1H10-3,8635,460,485,50,46,0,0,24.43,781.221447,122.15962,0.2427,0.26
M1H10-4,8639,480,461,50,46,0,0,24.92,784.214558,122.17152,0.2511,0.2567
M2H1-1,9388,53,42,109,84,0,0,38.44,871.446905,135.80592,0.2437,0.2509
M2H1-2,9387,49,47,85,108,0,0,37.42,874.284369,135.5005,0.2402,0.246
M2H1-3,9387,51,45,84,109,0,0,38.09,872.516965,135.46591,0.2415,0.2451
M2H1-4,9387,53,43,99,94,0,0,37.85,873.065546,136.18521,0.2428,0.2472
M2H2-1,9292,92,99,93,100,0,0,34.80,863.156065,133.10727,0.2403,0.2459
M2H2-2,9290,97,96,93,100,0,0,35.99,861.531657,132.09376,0.241,0.2483
M2H2-3,9291,86,106,103,90,0,0,33.82,859.714114,132.40392,0.2423,0.2603
M2H2-4,9291,94,98,88,105,0,0,35.62,860.764668,132.55534,0.2393,0.2442
M2H3-1,9194,156,133,91,102,0,0,33.18,847.240781,131.37582,0.2432,0.2517
M2H3-2,9196,132,155,88,105,0,0,31.56,850.863712,129.8965,0.2369,0.2515
M2H3-3,9194,142,147,88,105,0,0,31.95,849.264475,131.62616,0.2473,0.2614
M2H3-4,9198,132,153,92,101,0,0,32.45,850.172263,130.42202,0.2421,0.2475
M2H4-1,9099,191,193,101,92,0,0,28.46,836.542439,129.84778,0.2468,0.2603
M2H4-2,9096,201,186,94,99,0,0,29.99,839.147786,128.92375,0.2403,0.252
M2H4-3,9099,180,204,96,97,0,0,30.34,834.210362,129.29452,0.2412,0.2478
M2H4-4,9101,198,184,96,97,0,0,29.73,837.016715,129.79234,0.2439,0.2565
M2H5-1,9005,222,256,95,98,0,0,28.79,827.152175,128.11605,0.2466,0.2587
M2H5-2,9003,240,240,87,106,0,0,28.18,826.717937,128.08831,0.2569,0.2575
M2H5-3,9002,241,240,92,101,0,0,27.94,828.155187,127.78637,0.2482,0.2537
M2H5-4,9003,230,250,102,91,0,0,28.33,825.426235,127.82489,0.2459,0.2527
M2H6-1,8911,307,265,100,93,0,0,26.46,817.067983,125.31182,0.2394,0.2553
M2H6-2,8912,277,294,105,88,0,0,26.74,817.253937,127.61231,0.2529,0.2575
M2H6-3,8914,272,297,100,93,0,0,26.42,821.504433,127.10136,0.2452,0.2515
M2H6-4,8915,293,275,97,96,0,0,26.98,816.153767,126.53629,0.2451,0.2516
M2H7-1,8814,334,335,98,95,0,0,25.33,801.454487,125.4695,0.2482,0.2621
M2H7-2,8818,340,325,92,101,0,0,25.69,807.5862,125.39791,0.2473,0.2754
M2H7-3,8815,323,345,95,98,0,0,25.04,806.448014,125.03514,0.257,0.2602
M2H7-4,8813,318,352,107,86,0,0,25.55,803.984339,125.02186,0.2426,0.2594
M2H8-1,8721,384,378,108,85,0,0,23.66,789.079892,123.54796,0.2468,0.2603
M2H8-2,8719,406,358,100,93,0,0,23.46,792.485564,124.46433,0.2484,0.2575
M2H8-3,8722,371,390,105,88,0,0,24.95,790.476757,124.51962,0.2473,0.2673
M2H8-4,8725,387,371,98,95,0,0,24.53,792.355552,123.02509,0.2419,0.2473
M2H9-1,8634,436,413,110,83,0,0,23.24,774.53225,121.65716,0.2446,0.2667
M2H9-2,8631,428,424,107,86,0,0,22.87,781.868845,122.09911,0.2509,0.2642
M2H9-3,8627,445,411,87,106,0,0,23.35,782.357792,122.93937,0.2577,0.2664
M2H9-4,8640,412,431,101,92,0,0,22.87,779.496564,123.59243,0.2632,0.2767
M2H10-1,8540,450,493,103,90,0,0,21.60,776.234078,122.29588,0.2655,0.2683
M2H10-2,8534,491,458,94,99,0,0,22.33,775.687426,121.78412,0.2516,0.2577
M2H10-3,8542,469,472,102,91,0,0,22.63,772.796639,121.46187,0.2514,0.2725
M2H10-4,8537,474,472,99,94,0,0,21.58,772.987952,121.08789,0.2454,0.255
M3H1-1,9292,48,46,137,153,0,0,33.84,861.502255,133.10615,0.2402,0.2461
M3H1-2,9290,43,53,149,141,0,0,32.83,860.305124,134.02978,0.2453,0.2488
M3H1-3,9290,55,41,149,141,0,0,32.78,860.134975,133.2381,0.2428,0.2471
M3H1-4,9290,40,56,144,146,0,0,32.33,861.59313,133.15025,0.2429,0.2519
M3H2-1,9195,99,92,140,150,0,0,29.79,850.98327,131.86052,0.2433,0.2498
M3H2-2,9196,87,103,141,149,0,0,29.44,846.632507,130.83803,0.2424,0.2476
M3H2-3,9194,104,88,142,148,0,0,30.74,851.456437,131.71663,0.2443,0.248
M3H2-4,9194,100,92,152,138,0,0,29.96,850.499084,131.9269,0.2433,0.2461
M3H3-1,9102,140,144,136,154,0,0,28.05,839.446227,128.25539,0.2417,0.2472
M3H3-2,9097,153,136,146,144,0,0,28.70,839.989425,129.02942,0.2496,0.2512
M3H3-3,9098,146,142,143,147,0,0,28.31,841.271824,129.5729,0.243,0.2525
M3H3-4,9101,132,153,146,144,0,0,28.19,839.379615,130.45226,0.2457,0.252
M3H4-1,9002,175,209,150,140,0,0,26.96,828.885899,127.32731,0.2443,0.2553
M3H4-2,9004,205,177,147,143,0,0,26.35,827.595785,127.29653,0.2399,0.2478
M3H4-3,9006,185,195,141,149,0,0,27.29,828.672008,127.70701,0.2437,0.2497
M3H4-4,9000,212,174,145,145,0,0,26.66,826.499959,127.39528,0.2496,0.2588
M3H5-1,8913,227,246,146,144,0,0,26.12,814.997931,127.07269,0.2469,0.2534
M3H5-2,8914,229,243,143,147,0,0,25.56,821.40575,126.76784,0.2438,0.263
M3H5-3,8911,246,229,133,157,0,0,24.91,818.004466,125.03079,0.2414,0.2423
M3H5-4,8907,243,236,161,129,0,0,24.97,823.518285,126.35795,0.2453,0.2556
M3H6-1,8815,288,283,131,159,0,0,24.33,801.996082,124.41158,0.2453,0.2545
M3H6-2,8814,291,281,150,140,0,0,23.90,809.85143,124.93423,0.2469,0.2633
M3H6-3,8814,278,294,135,155,0,0,23.96,803.438147,124.93629,0.2622,0.2671
M3H6-4,8817,283,286,145,145,0,0,24.53,805.237242,124.93685,0.2442,0.2523
M3H7-1,8717,334,335,151,139,0,0,22.45,797.110055,123.72391,0.2452,0.2564
M3H7-2,8725,323,338,154,136,0,0,22.68,795.922085,124.69723,0.2448,0.2511
M3H7-3,8726,313,347,151,139,0,0,23.08,790.723569,122.59553,0.2491,0.2563
M3H7-4,8718,325,343,145,145,0,0,22.48,793.29938,124.86666,0.2614,0.2625
M3H8-1,8631,357,398,133,157,0,0,21.33,785.230208,123.78313,0.2542,0.2658
M3H8-2,8623,380,383,140,150,0,0,21.53,782.250628,122.3551,0.2507,0.2751
M3H8-3,8623,365,398,156,134,0,0,22.24,785.365248,122.68509,0.2481,0.2515
M3H8-4,8628,370,388,150,140,0,0,21.77,782.124019,122.91007,0.2576,0.2692
M3H9-1,8535,430,421,141,149,0,0,20.61,771.918481,121.58117,0.2485,0.2585
M3H9-2,8543,422,421,140,150,0,0,20.31,780.070342,122.24481,0.2598,0.2636
M3H9-3,8547,417,422,141,149,0,0,20.51,778.201058,122.4412,0.2582,0.2849
M3H9-4,8539,390,457,147,143,0,0,20.03,775.079942,121.50782,0.2743,0.2926
M3H10-1,8442,477,467,148,142,0,0,20.70,763.326073,119.74474,0.2499,0.2802
M3H10-2,8446,475,465,150,140,0,0,19.47,764.281753,120.32984,0.2543,0.2627
M3H10-3,8440,469,477,159,131,0,0,20.71,750.918409,120.6257,0.2483,0.2779
M3H10-4,8437,490,459,146,144,0,0,19.81,765.055658,121.95793,0.2728,0.2749
M4H1-1,9193,50,46,191,196,0,0,29.88,850.736741,131.4333,0.2404,0.2474
M4H1-2,9193,55,41,188,199,0,0,27.24,852.327671,132.28561,0.2446,0.2507
M4H1-3,9193,54,42,193,194,0,0,27.62,851.591052,132.12599,0.2429,0.2501
M4H1-4,9193,52,44,193,194,0,0,29.49,852.813127,131.42967,0.2416,0.2528
M4H2-1,9096,95,98,190,197,0,0,26.85,842.052233,129.41024,0.238,0.2544
M4H2-2,9097,90,102,199,188,0,0,26.31,840.692496,129.33177,0.2392,0.2549
M4H2-3,9099,85,105,184,203,0,0,27.04,838.015889,129.9562,0.2437,0.2485
M4H2-4,9096,100,93,186,201,0,0,26.86,838.198644,128.87652,0.2408,0.2532
M4H3-1,9000,142,147,188,199,0,0,24.77,826.421217,128.71735,0.2441,0.2538
M4H3-2,9002,154,133,183,204,0,0,25.62,827.611773,128.9317,0.2469,0.2536
M4H3-3,9001,145,143,207,180,0,0,25.28,829.072031,129.39424,0.2434,0.2577
M4H3-4,9001,145,143,189,198,0,0,24.39,829.595181,127.95744,0.2457,0.2536
M4H4-1,8910,186,193,208,179,0,0,23.40,820.118812,126.69863,0.2516,0.2562
M4H4-2,8905,179,205,186,201,0,0,23.91,816.756073,126.98867,0.2466,0.2571
M4H4-3,8910,181,198,193,194,0,0,24.13,820.091591,128.56454,0.2534,0.2557
M4H4-4,8904,187,198,196,191,0,0,23.55,813.366146,126.11556,0.2425,0.2479
M4H5-1,8815,225,249,189,198,0,0,22.71,805.415903,124.58933,0.2486,0.2745
M4H5-2,8813,244,232,185,202,0,0,22.30,801.629597,124.30124,0.2411,0.2623
M4H5-3,8812,244,233,207,180,0,0,21.93,804.589489,124.51658,0.2446,0.2618
M4H5-4,8810,227,252,205,182,0,0,23.87,806.63835,123.08709,0.2444,0.2449
M4H6-1,8716,318,255,191,196,0,0,21.88,793.547162,124.01436,0.2513,0.2555
M4H6-2,8717,276,296,201,186,0,0,21.75,791.730888,123.69411,0.2495,0.2553
M4H6-3,8716,301,272,210,177,0,0,21.70,796.264692,123.89391,0.2454,0.2667
M4H6-4,8717,292,280,188,199,0,0,21.18,795.988653,122.98205,0.2377,0.2451
M4H7-1,8624,332,333,185,202,0,0,20.32,788.715789,122.20058,0.2536,0.2549
M4H7-2,8626,361,302,201,186,0,0,21.43,788.508294,122.37371,0.2674,0.27
M4H7-3,8624,346,319,187,200,0,0,21.35,777.781693,121.98513,0.2505,0.2707
M4H7-4,8620,325,344,175,212,0,0,20.56,781.538597,121.50003,0.2406,0.2598
M4H8-1,8526,367,396,206,181,0,0,19.35,768.269416,121.9678,0.2592,0.2628
M4H8-2,8535,389,365,200,187,0,0,19.32,773.874599,118.59133,0.2321,0.2347
M4H8-3,8530,401,358,181,206,0,0,19.83,774.956612,120.43562,0.2565,0.2614
M4H8-4,8528,369,392,193,194,0,0,19.49,768.28576,120.87868,0.2646,0.2861
M4H9-1,8446,405,438,205,182,0,0,19.54,754.175574,121.09538,0.26,0.262
M4H9-2,8443,426,420,201,186,0,0,18.56,760.593693,122.73662,0.2598,0.2648
M4H9-3,8429,418,442,194,193,0,0,18.84,759.1146,121.5821,0.2605,0.3051
M4H9-4,8432,432,425,193,194,0,0,19.02,763.742369,120.44718,0.2547,0.2807
M4H10-1,8350,475,464,204,183,0,0,18.65,744.331909,119.37945,0.2556,0.2777
M4H10-2,8347,476,466,213,174,0,0,18.54,752.557598,119.66717,0.2544,0.2791
M4H10-3,8343,472,474,194,193,0,0,18.32,754.68656,120.6586,0.2963,0.3003
M4H10-4,8348,446,495,196,191,0,0,18.82,759.221376,119.8583,0.2626,0.2779
M5H1-1,9097,48,48,242,241,0,0,25.67,839.987021,129.71666,0.2377,0.2441
M5H1-2,9097,51,45,245,238,0,0,25.32,838.315949,130.69009,0.2452,0.255
M5H1-3,9097,44,52,246,237,0,0,25.91,842.352453,129.35323,0.2398,0.248
M5H1-4,9097,59,37,230,253,0,0,25.93,837.992662,129.75935,0.2419,0.248
M5H2-1,9002,91,100,248,235,0,0,24.28,829.111572,128.61234,0.2426,0.255
M5H2-2,9000,96,97,252,231,0,0,23.84,829.280528,128.13698,0.2444,0.2667
M5H2-3,9001,94,98,236,247,0,0,24.60,827.164597,126.92245,0.2392,0.2557
M5H2-4,9000,92,101,244,239,0,0,24.83,824.860072,127.80803,0.2481,0.252
M5H3-1,8905,135,153,235,248,0,0,23.01,817.394999,126.21536,0.2452,0.2542
M5H3-2,8905,144,144,230,253,0,0,23.09,817.403547,127.72949,0.2475,0.2655
M5H3-3,8905,135,153,238,245,0,0,22.97,815.387845,125.6348,0.2375,0.2491
M5H3-4,8905,154,134,250,233,0,0,22.05,818.013616,126.49662,0.2487,0.2502
M5H4-1,8811,204,178,230,253,0,0,22.26,804.065213,125.87517,0.2673,0.27
M5H4-2,8812,206,175,247,236,0,0,22.25,808.170093,125.05121,0.2569,0.2701
M5H4-3,8810,180,203,225,258,0,0,21.17,804.746214,125.31977,0.2505,0.2549
M5H4-4,8809,197,187,238,245,0,0,21.21,805.933591,125.93991,0.2485,0.2604
M5H5-1,8718,239,236,229,254,0,0,20.42,796.051103,123.62673,0.2464,0.2583
M5H5-2,8716,257,220,242,241,0,0,21.26,799.519143,124.33965,0.2455,0.2649
M5H5-3,8722,235,236,248,235,0,0,21.47,801.619236,123.46164,0.2463,0.2633
M5H5-4,8713,238,242,229,254,0,0,20.55,798.447873,123.29474,0.2459,0.2519
M5H6-1,8628,284,281,245,238,0,0,18.96,787.056146,122.82321,0.2457,0.25
M5H6-2,8621,279,293,246,237,0,0,19.88,791.286724,122.87666,0.2427,0.2688
M5H6-3,8622,309,262,230,253,0,0,19.37,786.943083,123.3508,0.2509,0.2661
M5H6-4,8622,257,314,246,237,0,0,19.92,784.143373,123.01464,0.2475,0.2661
M5H7-1,8524,330,339,241,242,0,0,19.74,772.460906,122.55665,0.2769,0.2827
M5H7-2,8532,370,291,224,259,0,0,18.97,773.627144,121.98566,0.2511,0.2848
M5H7-3,8528,342,323,239,244,0,0,19.70,776.242102,120.91002,0.2543,0.2583
M5H7-4,8534,331,328,232,251,0,0,19.04,776.056495,123.73959,0.2708,0.2757
M5H8-1,8432,386,375,243,240,0,0,18.71,757.718618,120.62168,0.2622,0.2695
M5H8-2,8427,394,372,247,236,0,0,18.00,755.828767,121.66673,0.2715,0.2742
M5H8-3,8439,404,350,247,236,0,0,18.11,758.069615,119.08398,0.2394,0.2456
M5H8-4,8436,399,358,237,246,0,0,18.61,757.787939,120.2481,0.2617,0.2651
M5H9-1,8342,436,415,234,249,0,0,18.12,748.92596,120.10953,0.2776,0.2803
M5H9-2,8343,393,457,238,245,0,0,17.96,749.651152,119.16349,0.2493,0.2656
M5H9-3,8349,440,404,236,247,0,0,17.34,748.537222,123.21057,0.2886,0.2899
M5H9-4,8335,422,436,262,221,0,0,17.43,748.959656,118.29161,0.2432,0.2576
M5H10-1,8250,481,462,235,248,0,0,17.26,736.90218,118.62326,0.2742,0.2776
M5H10-2,8249,489,455,244,239,0,0,17.74,739.708353,118.50192,0.2693,0.2814
M5H10-3,8257,488,448,245,238,0,0,17.82,735.591493,119.70713,0.2816,0.2852
M5H10-4,8259,484,450,247,236,0,0,17.91,739.368948,119.02687,0.2769,0.2798
M6H1-1,9000,52,44,302,278,0,0,23.32,830.202129,127.5447,0.2455,0.2472
M6H1-2,9000,48,48,301,279,0,0,22.83,827.697362,127.47072,0.2386,0.249
M6H1-3,9000,42,54,282,298,0,0,23.29,830.986998,127.83176,0.24,0.2456
M6H1-4,9000,48,48,286,294,0,0,24.19,828.32175,127.48841,0.2428,0.2474
M6H2-1,8905,102,89,293,287,0,0,21.89,820.515507,126.61325,0.2414,0.2526
M6H2-2,8903,103,90,279,301,0,0,21.85,818.137881,126.89221,0.2429,0.2577
M6H2-3,8905,95,96,294,286,0,0,21.53,818.831391,126.80603,0.2441,0.2538
M6H2-4,8903,98,95,284,296,0,0,22.75,816.329308,126.74471,0.2451,0.2528
M6H3-1,8807,142,147,311,269,0,0,21.11,808.321382,125.19329,0.2443,0.2678
M6H3-2,8810,151,135,297,283,0,0,20.78,807.705381,124.60156,0.2468,0.256
M6H3-3,8806,131,159,305,275,0,0,20.98,806.500352,126.05041,0.2454,0.2542
M6H3-4,8806,137,153,284,296,0,0,20.77,814.169572,125.06007,0.2444,0.2583
M6H4-1,8714,184,198,274,306,0,0,20.03,796.731169,123.38546,0.2479,0.2686
M6H4-2,8710,191,195,276,304,0,0,19.64,794.546457,124.61369,0.2471,0.2616
M6H4-3,8710,197,189,305,275,0,0,19.64,795.04929,123.54665,0.244,0.2586
M6H4-4,8713,172,211,301,279,0,0,20.25,798.536761,124.08258,0.2433,0.2725
M6H5-1,8620,228,248,291,289,0,0,19.13,788.276987,121.834,0.2524,0.257
M6H5-2,8617,234,245,293,287,0,0,18.24,787.040438,123.44254,0.2667,0.2753
M6H5-3,8616,226,254,297,283,0,0,20.34,787.031864,122.94301,0.2745,0.275
M6H5-4,8620,249,227,271,309,0,0,19.06,787.63797,122.76835,0.2425,0.2672
M6H6-1,8521,292,283,292,288,0,0,18.38,777.683835,119.77227,0.2486,0.2625
M6H6-2,8520,303,273,276,304,0,0,18.94,771.532538,120.90363,0.2488,0.2784
M6H6-3,8525,274,297,295,285,0,0,18.19,772.984805,123.00712,0.2824,0.2849
M6H6-4,8533,265,298,296,284,0,0,18.16,780.059815,122.45763,0.2683,0.2864
M6H7-1,8426,337,333,293,287,0,0,17.75,763.756758,118.09083,0.2373,0.2428
M6H7-2,8431,333,332,271,309,0,0,18.19,766.326132,120.06133,0.2466,0.2522
M6H7-3,8427,347,322,281,299,0,0,16.92,766.407799,120.4718,0.249,0.2821
M6H7-4,8429,309,358,271,309,0,0,18.70,757.740499,117.82205,0.2389,0.254
M6H8-1,8337,371,388,281,299,0,0,17.90,746.305017,119.5908,0.2525,0.284
M6H8-2,8345,380,371,291,289,0,0,17.14,752.420526,119.63798,0.2681,0.2924
M6H8-3,8336,371,389,272,308,0,0,17.42,752.672661,121.7971,0.2787,0.2833
M6H8-4,8338,369,389,280,300,0,0,17.51,755.357754,123.09311,0.2708,0.275
M6H9-1,8242,461,393,279,301,0,0,16.44,740.428093,120.54099,0.2818,0.299
M6H9-2,8244,426,426,304,276,0,0,16.41,744.333899,119.0434,0.2582,0.2744
M6H9-3,8246,430,420,314,266,0,0,16.09,750.546376,123.79739,0.2845,0.2878
M6H9-4,8248,427,421,276,304,0,0,16.90,746.867968,117.83744,0.2646,0.2726
M6H10-1,8153,498,445,283,297,0,0,16.89,728.7723,118.23746,0.2632,0.2757
M6H10-2,8156,477,463,289,291,0,0,16.67,726.633992,117.86038,0.2827,0.2849
M6H10-3,8160,478,458,312,268,0,0,16.75,734.254502,118.53099,0.2802,0.282
M6H10-4,8160,458,478,283,297,0,0,15.81,738.106461,117.68402,0.2703,0.2797
M7H1-1,8904,61,34,331,346,0,0,21.03,817.42694,127.04122,0.2425,0.2504
M7H1-2,8903,42,54,326,351,0,0,21.29,816.198227,127.27565,0.2463,0.2533
M7H1-3,8903,49,47,326,351,0,0,21.75,818.276729,127.0272,0.2416,0.2474
M7H1-4,8903,38,58,326,351,0,0,21.07,822.388132,125.77134,0.2395,0.2535
M7H2-1,8806,111,82,333,344,0,0,20.75,807.397566,125.96142,0.2464,0.2665
M7H2-2,8807,87,105,356,321,0,0,20.46,808.156954,124.97643,0.2409,0.2533
M7H2-3,8806,88,105,331,346,0,0,19.71,800.859838,126.67942,0.2565,0.2734
M7H2-4,8807,105,87,333,344,0,0,20.60,809.143406,125.71702,0.2437,0.2779
M7H3-1,8711,163,125,338,339,0,0,19.68,798.683477,123.68813,0.2424,0.257
M7H3-2,8710,138,151,345,332,0,0,20.14,798.94144,122.96347,0.2414,0.274
M7H3-3,8711,146,142,350,327,0,0,19.72,802.133925,123.35779,0.245,0.2527
M7H3-4,8711,154,134,338,339,0,0,18.66,793.139812,125.11786,0.2451,0.2569
M7H4-1,8614,206,179,326,351,0,0,18.69,785.851819,123.54697,0.249,0.2584
M7H4-2,8614,200,185,325,352,0,0,18.41,788.743003,120.84041,0.2418,0.2531
M7H4-3,8614,194,191,329,348,0,0,17.43,790.853932,124.38781,0.2864,0.2921
M7H4-4,8617,193,189,331,346,0,0,18.31,786.69325,121.78766,0.2556,0.2746
M7H5-1,8524,213,262,348,329,0,0,17.98,774.810045,121.72215,0.2491,0.2683
M7H5-2,8524,225,250,340,337,0,0,17.58,773.335999,121.0349,0.2525,0.264
M7H5-3,8527,245,227,335,342,0,0,17.97,771.511675,122.76448,0.2825,0.2894
M7H5-4,8526,253,220,326,351,0,0,18.26,778.554967,120.93528,0.2779,0.2822
M7H6-1,8431,269,299,326,351,0,0,17.60,762.817471,121.24988,0.2497,0.286
M7H6-2,8427,281,291,334,343,0,0,16.56,767.702484,121.04267,0.2547,0.2657
M7H6-3,8426,304,269,327,350,0,0,17.58,763.075484,121.0964,0.2467,0.2624
M7H6-4,8432,277,290,335,342,0,0,17.95,769.004827,120.45219,0.2474,0.2548
M7H7-1,8330,358,311,341,336,0,0,16.55,755.271117,119.26784,0.2575,0.2627
M7H7-2,8332,318,349,350,327,0,0,16.54,749.64837,121.68133,0.2772,0.2854
M7H7-3,8337,344,318,338,339,0,0,16.35,761.809778,122.39323,0.29,0.296
M7H7-4,8337,325,337,344,333,0,0,15.99,746.474612,120.61398,0.2546,0.2842
M7H8-1,8240,375,384,338,339,0,0,15.45,752.442571,118.698,0.2644,0.2774
M7H8-2,8248,394,357,343,334,0,0,15.82,745.904023,119.46277,0.2876,0.2886
M7H8-3,8244,382,373,320,357,0,0,16.57,743.036773,118.20068,0.2749,0.2787
M7H8-4,8237,390,372,333,344,0,0,16.50,748.989051,117.67658,0.2602,0.2694
M7H9-1,8149,405,445,338,339,0,0,16.57,728.586586,120.06002,0.295,0.3018
M7H9-2,8152,428,419,347,330,0,0,15.44,734.041007,119.98466,0.294,0.2961
M7H9-3,8140,432,427,352,325,0,0,15.55,737.647558,118.77401,0.2952,0.3068
M7H9-4,8139,426,434,347,330,0,0,15.50,734.41873,117.97077,0.2644,0.298
M7H10-1,8051,498,450,349,328,0,0,15.10,727.6026,116.13976,0.275,0.278
M7H10-2,8053,509,437,330,347,0,0,15.24,721.279121,119.30759,0.2833,0.285
M7H10-3,8068,479,452,340,337,0,0,15.30,709.698926,119.10991,0.2962,0.3173
M7H10-4,8060,439,500,343,334,0,0,15.34,717.633733,120.24199,0.2875,0.2909
M8H1-1,8807,42,53,390,384,0,0,19.43,807.648708,125.64531,0.2469,0.2745
M8H1-2,8806,55,41,392,382,0,0,19.85,809.639504,125.59774,0.2395,0.2563
M8H1-3,8806,52,44,370,404,0,0,20.00,807.981495,125.49747,0.2426,0.2555
M8H1-4,8806,47,49,419,355,0,0,19.99,813.26073,126.02335,0.2412,0.2527
M8H2-1,8710,92,100,378,396,0,0,18.89,800.395319,124.27707,0.246,0.2539
M8H2-2,8709,78,115,386,388,0,0,18.91,800.315487,124.00316,0.2419,0.2544
M8H2-3,8712,88,102,388,386,0,0,18.56,795.807759,123.99841,0.2454,0.2649
M8H2-4,8710,82,110,391,383,0,0,18.77,802.531478,122.56031,0.2364,0.2468
M8H3-1,8614,158,130,389,385,0,0,18.25,782.59802,122.39292,0.246,0.2589
M8H3-2,8614,139,149,392,382,0,0,18.94,795.41041,123.27911,0.2596,0.2619
M8H3-3,8612,139,151,389,385,0,0,18.38,793.129892,122.88559,0.2442,0.2782
M8H3-4,8615,150,137,380,394,0,0,17.66,789.28173,123.03358,0.2452,0.2682
M8H4-1,8517,191,194,403,371,0,0,17.55,782.046814,120.09384,0.2425,0.2474
M8H4-2,8519,193,190,388,386,0,0,17.26,778.110939,122.1273,0.2903,0.2924
M8H4-3,8521,202,179,378,396,0,0,17.63,779.295457,121.15427,0.2679,0.2695
M8H4-4,8523,190,189,364,410,0,0,18.07,781.918289,120.87065,0.2808,0.2869
M8H5-1,8428,241,233,383,391,0,0,16.35,766.880112,120.68702,0.2595,0.2691
M8H5-2,8426,241,235,377,397,0,0,16.60,768.744688,120.67369,0.245,0.2713
M8H5-3,8427,232,243,404,370,0,0,17.28,763.751243,119.44577,0.2504,0.2572
M8H5-4,8427,257,218,397,377,0,0,16.85,763.948081,120.73061,0.2512,0.2534
M8H6-1,8327,292,283,378,396,0,0,16.59,754.252298,119.45752,0.2584,0.2899
M8H6-2,8334,272,296,393,381,0,0,16.39,756.450923,118.87766,0.2557,0.2655
M8H6-3,8330,283,289,374,400,0,0,16.21,755.828206,119.1982,0.2592,0.263
M8H6-4,8334,283,285,402,372,0,0,15.98,756.666037,119.62363,0.2617,0.2711
M8H7-1,8236,329,337,408,366,0,0,15.76,737.206793,117.73542,0.2496,0.2649
M8H7-2,8238,327,337,394,380,0,0,15.75,742.398102,118.945,0.2605,0.2778
M8H7-3,8240,335,327,401,373,0,0,15.64,745.673922,119.409,0.2679,0.2866
M8H7-4,8237,339,326,395,379,0,0,15.54,751.276408,118.37025,0.26,0.2868
M8H8-1,8140,372,390,382,392,0,0,16.01,731.485598,118.6086,0.2654,0.2768
M8H8-2,8141,380,381,391,383,0,0,15.61,726.341176,118.93714,0.2725,0.2842
M8H8-3,8142,389,371,374,400,0,0,15.14,737.398815,118.40071,0.2798,0.2901
M8H8-4,8154,360,388,409,365,0,0,15.53,743.473273,119.28989,0.2923,0.3021
M8H9-1,8055,431,416,382,392,0,0,15.15,723.721596,118.11618,0.2631,0.2941
M8H9-2,8061,430,411,403,371,0,0,15.07,716.204978,117.6281,0.2792,0.2881
M8H9-3,8056,426,420,414,360,0,0,15.16,726.368816,116.7143,0.264,0.2652
M8H9-4,8044,417,441,372,402,0,0,14.37,719.357227,119.6823,0.2907,0.2997
M8H10-1,7958,472,472,384,390,0,0,14.35,723.802865,118.35822,0.3074,0.3091
M8H10-2,7952,485,465,404,370,0,0,14.83,711.764937,118.43216,0.3111,0.3151
M8H10-3,7972,479,451,378,396,0,0,14.29,715.667017,116.76914,0.2792,0.2829
M8H10-4,7958,477,467,392,382,0,0,14.14,712.148729,118.05213,0.2922,0.2949
M9H1-1,8710,48,48,440,430,0,0,18.61,805.109787,124.90858,0.2449,0.273
M9H1-2,8710,49,47,422,448,0,0,17.88,802.481617,123.6251,0.2543,0.2566
M9H1-3,8710,52,44,443,427,0,0,18.28,801.113855,124.9784,0.2522,0.2626
M9H1-4,8710,46,50,436,434,0,0,18.16,804.615578,124.38108,0.2507,0.2538
M9H2-1,8614,100,92,429,441,0,0,17.50,784.382592,123.62564,0.2445,0.2619
M9H2-2,8613,97,96,434,436,0,0,17.02,787.213572,122.28981,0.2396,0.2484
M9H2-3,8613,88,105,431,439,0,0,17.86,791.206888,125.85055,0.2906,0.2914
M9H2-4,8615,94,97,428,442,0,0,18.61,791.640394,123.65887,0.2469,0.2692
M9H3-1,8518,147,141,415,455,0,0,16.65,782.285864,121.21567,0.2556,0.262
M9H3-2,8520,134,152,452,418,0,0,16.84,779.071201,120.93293,0.2434,0.2863
M9H3-3,8518,144,144,425,445,0,0,16.57,779.924364,121.29083,0.2417,0.2674
M9H3-4,8521,135,150,432,438,0,0,16.49,782.217752,121.69737,0.2449,0.2746
M9H4-1,8422,178,206,430,440,0,0,16.25,769.113267,120.50201,0.2514,0.2672
M9H4-2,8426,200,180,433,437,0,0,16.12,769.422244,119.92652,0.2566,0.2593
M9H4-3,8424,198,184,409,461,0,0,16.00,770.15624,121.52358,0.2575,0.2627
M9H4-4,8422,193,191,430,440,0,0,16.08,772.711551,120.78166,0.2517,0.2543
M9H5-1,8330,244,232,438,432,0,0,15.71,761.191546,118.49209,0.2496,0.2815
M9H5-2,8328,233,245,454,416,0,0,16.02,759.224424,120.67112,0.2632,0.268
M9H5-3,8329,228,249,433,437,0,0,16.60,763.075003,119.00731,0.2495,0.2624
M9H5-4,8330,244,232,447,423,0,0,15.98,754.289932,120.53501,0.2639,0.2803
M9H6-1,8231,281,294,453,417,0,0,15.62,747.531665,117.58438,0.2629,0.271
M9H6-2,8236,296,274,438,432,0,0,15.27,748.165619,117.65237,0.2462,0.2607
M9H6-3,8234,289,283,440,430,0,0,15.29,746.937733,119.59563,0.2877,0.2964
M9H6-4,8236,293,277,412,458,0,0,15.83,744.125879,118.45515,0.274,0.2785
M9H7-1,8140,315,351,463,407,0,0,15.65,735.970943,117.84326,0.2571,0.2817
M9H7-2,8142,355,309,424,446,0,0,14.96,731.281731,116.98433,0.2519,0.2568
M9H7-3,8145,326,335,446,424,0,0,15.13,738.75571,118.21353,0.2754,0.2782
M9H7-4,8145,331,330,430,440,0,0,14.77,740.898627,119.04588,0.2795,0.2877
M9H8-1,8049,370,387,419,451,0,0,14.47,724.621775,116.66482,0.2552,0.2712
M9H8-2,8054,376,376,439,431,0,0,14.89,736.048447,118.60733,0.2974,0.3037
M9H8-3,8048,384,374,429,441,0,0,14.38,726.83328,119.78534,0.3058,0.3141
M9H8-4,8046,368,392,428,442,0,0,14.22,729.545585,118.75628,0.2737,0.2752
M9H9-1,7950,428,428,433,437,0,0,13.50,718.930039,115.35129,0.2648,0.2768
M9H9-2,7958,432,416,428,442,0,0,14.09,718.48972,117.36416,0.2876,0.2892
M9H9-3,7952,419,435,424,446,0,0,14.41,713.837537,116.32687,0.2676,0.2702
M9H9-4,7963,427,416,430,440,0,0,14.03,707.14801,116.89303,0.2746,0.291
M9H10-1,7866,457,483,446,424,0,0,13.85,701.557776,119.15365,0.3314,0.336
M9H10-2,7860,461,485,429,441,0,0,13.95,705.777036,115.98785,0.2791,0.2805
M9H10-3,7862,466,478,432,438,0,0,13.62,703.177608,115.81463,0.2931,0.294
M9H10-4,7859,459,488,435,435,0,0,13.36,711.617577,117.97463,0.3058,0.3089
M10H1-1,8613,51,45,477,490,0,0,17.90,794.703283,123.02888,0.2458,0.2648
M10H1-2,8613,49,47,497,470,0,0,17.65,797.143688,123.15699,0.2448,0.2616
M10H1-3,8613,36,60,465,502,0,0,17.59,795.504114,122.32371,0.2342,0.2572
M10H1-4,8613,40,56,460,507,0,0,17.65,793.704377,122.18798,0.2437,0.2656
M10H2-1,8517,89,103,498,469,0,0,16.43,785.208522,122.50059,0.2684,0.2692
M10H2-2,8516,96,97,500,467,0,0,16.53,782.353565,122.51561,0.2533,0.2904
M10H2-3,8517,98,94,462,505,0,0,16.44,781.083205,121.42809,0.239,0.2629
M10H2-4,8517,76,116,484,483,0,0,16.86,783.080772,122.48791,0.2443,0.2571
M10H3-1,8419,154,136,478,489,0,0,16.31,772.452729,120.29447,0.2654,0.2808
M10H3-2,8421,131,157,482,485,0,0,16.07,776.415509,121.55354,0.2688,0.2717
M10H3-3,8419,140,150,493,474,0,0,16.42,770.593881,119.50666,0.2402,0.2702
M10H3-4,8420,133,156,460,507,0,0,16.50,770.739869,121.22879,0.2557,0.2756
M10H4-1,8322,188,199,484,483,0,0,15.94,760.494458,119.28007,0.2535,0.2738
M10H4-2,8327,185,197,482,485,0,0,15.94,759.176941,119.54613,0.2572,0.2648
M10H4-3,8325,198,186,484,483,0,0,14.85,761.524868,118.45481,0.2415,0.2595
M10H4-4,8328,197,184,471,496,0,0,15.83,766.316968,119.82317,0.2572,0.2779
M10H5-1,8234,237,238,488,479,0,0,15.16,755.760226,120.66721,0.2637,0.2653
M10H5-2,8233,242,234,487,480,0,0,15.53,756.815219,119.07035,0.2579,0.2805
M10H5-3,8232,240,237,478,489,0,0,14.94,754.877312,119.27831,0.2497,0.2772
M10H5-4,8234,229,246,464,503,0,0,15.27,747.878015,118.10464,0.2557,0.2591
M10H6-1,8136,284,289,478,489,0,0,14.51,739.608251,118.9424,0.2762,0.2889
M10H6-2,8141,281,287,482,485,0,0,14.90,732.289545,117.84034,0.2848,0.288
M10H6-3,8141,282,286,487,480,0,0,14.71,736.679241,116.98561,0.256,0.2675
M10H6-4,8141,262,306,506,461,0,0,15.14,745.608934,121.07953,0.2822,0.2855
M10H7-1,8043,322,344,484,483,0,0,14.42,729.992747,115.8428,0.2489,0.2608
M10H7-2,8042,342,325,490,477,0,0,14.71,724.387958,118.05876,0.2871,0.2984
M10H7-3,8051,320,338,451,516,0,0,13.81,733.575216,118.64943,0.2806,0.2898
M10H7-4,8046,342,321,488,479,0,0,14.30,733.726978,119.27231,0.2982,0.307
M10H8-1,7950,388,371,490,477,0,0,13.60,706.04958,117.49206,0.2791,0.2814
M10H8-2,7957,399,353,480,487,0,0,13.46,718.311682,116.41444,0.2687,0.2787
M10H8-3,7949,369,391,469,498,0,0,13.40,719.343768,114.81741,0.2471,0.2715
M10H8-4,7948,397,364,480,487,0,0,14.16,724.250058,122.80626,0.3009,0.3036
M10H9-1,7863,438,408,507,460,0,0,13.40,704.279666,117.12106,0.2934,0.2971
M10H9-2,7858,421,430,471,496,0,0,13.65,717.963822,114.29433,0.2554,0.2713
M10H9-3,7854,436,419,482,485,0,0,13.18,705.925217,117.17479,0.2835,0.2843
M10H9-4,7863,438,408,503,464,0,0,13.18,706.765488,117.14662,0.2951,0.3017
M10H10-1,7764,477,468,489,478,0,0,13.49,696.939107,118.69692,0.3091,0.3104
M10H10-2,7764,483,462,474,493,0,0,13.56,702.069049,117.47212,0.2786,0.2915
M10H10-3,7762,504,443,479,488,0,0,13.01,696.150489,119.24742,0.2978,0.3073
M10H10-4,7769,482,458,461,506,0,0,13.02,696.54201,115.88559,0.3054,0.3134
