Folder,# carbons,# hydrogen (top),# hydrogen (bottom),# of methyl (top),# of methyl (bottom),Thermal conductivity,Young's modulus,Maximum stress,Strain at maximum stress,Strain at fracture
M1H1-1,9484,47,49,47,49,44.75,883.959134,137.48514,0.2412,0.2635
M1H1-2,9484,47,49,49,47,46.13,884.360687,136.95219,0.2399,0.2502
M1H1-3,9484,46,50,49,47,45.57,883.515981,142.88124,0.2989,0.3019
M1H1-4,9484,45,51,54,42,44.00,881.968931,136.80316,0.2492,0.252
M1H2-1,9387,103,90,47,49,40.33,868.572341,134.03011,0.2407,0.2499
M1H2-2,9387,93,100,54,42,41.31,869.167314,134.22004,0.2386,0.248
M1H2-3,9390,98,92,42,54,40.82,872.3792,134.59032,0.243,0.2555
M1H2-4,9387,99,94,52,44,38.90,871.310914,133.00691,0.2364,0.2443
M1H3-1,9292,134,154,46,50,36.57,859.190923,133.15207,0.2417,0.2514
M1H3-2,9291,140,149,47,49,37.95,859.033184,132.77327,0.2432,0.2538
M1H3-3,9295,158,127,44,52,35.99,861.303513,132.18067,0.2443,0.2476
M1H3-4,9294,140,146,52,44,37.83,863.063386,132.54038,0.2415,0.2528
M1H4-1,9197,194,189,55,41,34.53,851.999153,130.13022,0.2393,0.2522
M1H4-2,9199,194,187,48,48,34.69,848.899863,130.20148,0.2397,0.2479
M1H4-3,9196,197,187,51,45,35.61,849.541804,129.6155,0.2431,0.2477
M1H4-4,9201,189,190,50,46,35.30,847.939255,130.97976,0.2418,0.2712
M1H5-1,9102,250,228,50,46,31.79,839.28206,130.26112,0.2437,0.254
M1H5-2,9102,227,251,48,48,32.79,838.02157,130.08212,0.2527,0.2585
M1H5-3,9102,241,237,50,46,32.81,837.466376,129.21653,0.2428,0.2532
M1H5-4,9107,239,234,44,52,32.81,839.321566,129.08596,0.244,0.2508
M1H6-1,9007,270,303,47,49,30.76,828.880685,128.87858,0.2473,0.263
M1H6-2,9008,298,274,52,44,29.62,829.068359,126.80132,0.24,0.2523
M1H6-3,9011,283,286,37,59,30.54,827.385031,128.50626,0.245,0.2579
M1H6-4,9008,292,280,52,44,30.68,823.54912,128.22203,0.2453,0.251
M1H7-1,8916,355,309,42,54,28.77,816.659985,125.71559,0.2448,0.2601
M1H7-2,8919,344,317,42,54,27.65,815.198482,125.54288,0.2406,0.2452
M1H7-3,8913,334,333,53,43,28.55,814.978846,127.01009,0.2474,0.2691
M1H7-4,8914,350,316,50,46,29.23,815.184792,125.91291,0.2438,0.2635
M1H8-1,8822,337,421,44,52,27.00,801.944574,125.0147,0.2483,0.2647
M1H8-2,8815,374,391,48,48,25.82,804.255833,123.84833,0.2425,0.2512
M1H8-3,8820,365,395,50,46,25.91,802.369433,124.16531,0.2474,0.257
M1H8-4,8822,399,359,54,42,26.35,810.328909,124.4091,0.2411,0.2523
M1H9-1,8733,424,423,46,50,25.66,797.298505,123.95524,0.266,0.2696
M1H9-2,8726,444,410,45,51,26.09,793.743276,123.8473,0.2632,0.2678
M1H9-3,8733,423,424,50,46,25.01,791.549337,124.10749,0.2548,0.2559
M1H9-4,8724,391,465,45,51,25.08,794.519456,123.26187,0.2455,0.249
M1H10-1,8638,472,470,46,50,24.76,785.612699,122.51792,0.253,0.2621
M1H10-2,8640,488,452,43,53,24.37,776.439639,122.66218,0.2625,0.2781
M1H10-3,8635,460,485,50,46,24.43,781.221447,122.15962,0.2427,0.26
M1H10-4,8639,480,461,50,46,24.92,784.214558,122.17152,0.2511,0.2567
M2H1-1,9388,53,42,109,84,38.44,871.446905,135.80592,0.2437,0.2509
M2H1-2,9387,49,47,85,108,37.42,874.284369,135.5005,0.2402,0.246
M2H1-3,9387,51,45,84,109,38.09,872.516965,135.46591,0.2415,0.2451
M2H1-4,9387,53,43,99,94,37.85,873.065546,136.18521,0.2428,0.2472
M2H2-1,9292,92,99,93,100,34.80,863.156065,133.10727,0.2403,0.2459
M2H2-2,9290,97,96,93,100,35.99,861.531657,132.09376,0.241,0.2483
M2H2-3,9291,86,106,103,90,33.82,859.714114,132.40392,0.2423,0.2603
M2H2-4,9291,94,98,88,105,35.62,860.764668,132.55534,0.2393,0.2442
M2H3-1,9194,156,133,91,102,33.18,847.240781,131.37582,0.2432,0.2517
M2H3-2,9196,132,155,88,105,31.56,850.863712,129.8965,0.2369,0.2515
M2H3-3,9194,142,147,88,105,31.95,849.264475,131.62616,0.2473,0.2614
M2H3-4,9198,132,153,92,101,32.45,850.172263,130.42202,0.2421,0.2475
M2H4-1,9099,191,193,101,92,28.46,836.542439,129.84778,0.2468,0.2603
M2H4-2,9096,201,186,94,99,29.99,839.147786,128.92375,0.2403,0.252
M2H4-3,9099,180,204,96,97,30.34,834.210362,129.29452,0.2412,0.2478
M2H4-4,9101,198,184,96,97,29.73,837.016715,129.79234,0.2439,0.2565
M2H5-1,9005,222,256,95,98,28.79,827.152175,128.11605,0.2466,0.2587
M2H5-2,9003,240,240,87,106,28.18,826.717937,128.08831,0.2569,0.2575
M2H5-3,9002,241,240,92,101,27.94,828.155187,127.78637,0.2482,0.2537
M2H5-4,9003,230,250,102,91,28.33,825.426235,127.82489,0.2459,0.2527
M2H6-1,8911,307,265,100,93,26.46,817.067983,125.31182,0.2394,0.2553
M2H6-2,8912,277,294,105,88,26.74,817.253937,127.61231,0.2529,0.2575
M2H6-3,8914,272,297,100,93,26.42,821.504433,127.10136,0.2452,0.2515
M2H6-4,8915,293,275,97,96,26.98,816.153767,126.53629,0.2451,0.2516
M2H7-1,8814,334,335,98,95,25.33,801.454487,125.4695,0.2482,0.2621
M2H7-2,8818,340,325,92,101,25.69,807.5862,125.39791,0.2473,0.2754
M2H7-3,8815,323,345,95,98,25.04,806.448014,125.03514,0.257,0.2602
M2H7-4,8813,318,352,107,86,25.55,803.984339,125.02186,0.2426,0.2594
M2H8-1,8721,384,378,108,85,23.66,789.079892,123.54796,0.2468,0.2603
M2H8-2,8719,406,358,100,93,23.46,792.485564,124.46433,0.2484,0.2575
M2H8-3,8722,371,390,105,88,24.95,790.476757,124.51962,0.2473,0.2673
M2H8-4,8725,387,371,98,95,24.53,792.355552,123.02509,0.2419,0.2473
M2H9-1,8634,436,413,110,83,23.24,774.53225,121.65716,0.2446,0.2667
M2H9-2,8631,428,424,107,86,22.87,781.868845,122.09911,0.2509,0.2642
M2H9-3,8627,445,411,87,106,23.35,782.357792,122.93937,0.2577,0.2664
M2H9-4,8640,412,431,101,92,22.87,779.496564,123.59243,0.2632,0.2767
M2H10-1,8540,450,493,103,90,21.60,776.234078,122.29588,0.2655,0.2683
M2H10-2,8534,491,458,94,99,22.33,775.687426,121.78412,0.2516,0.2577
M2H10-3,8542,469,472,102,91,22.63,772.796639,121.46187,0.2514,0.2725
M2H10-4,8537,474,472,99,94,21.58,772.987952,121.08789,0.2454,0.255
M3H1-1,9292,48,46,137,153,33.84,861.502255,133.10615,0.2402,0.2461
M3H1-2,9290,43,53,149,141,32.83,860.305124,134.02978,0.2453,0.2488
M3H1-3,9290,55,41,149,141,32.78,860.134975,133.2381,0.2428,0.2471
M3H1-4,9290,40,56,144,146,32.33,861.59313,133.15025,0.2429,0.2519
M3H2-1,9195,99,92,140,150,29.79,850.98327,131.86052,0.2433,0.2498
M3H2-2,9196,87,103,141,149,29.44,846.632507,130.83803,0.2424,0.2476
M3H2-3,9194,104,88,142,148,30.74,851.456437,131.71663,0.2443,0.248
M3H2-4,9194,100,92,152,138,29.96,850.499084,131.9269,0.2433,0.2461
M3H3-1,9102,140,144,136,154,28.05,839.446227,128.25539,0.2417,0.2472
M3H3-2,9097,153,136,146,144,28.70,839.989425,129.02942,0.2496,0.2512
M3H3-3,9098,146,142,143,147,28.31,841.271824,129.5729,0.243,0.2525
M3H3-4,9101,132,153,146,144,28.19,839.379615,130.45226,0.2457,0.252
M3H4-1,9002,175,209,150,140,26.96,828.885899,127.32731,0.2443,0.2553
M3H4-2,9004,205,177,147,143,26.35,827.595785,127.29653,0.2399,0.2478
M3H4-3,9006,185,195,141,149,27.29,828.672008,127.70701,0.2437,0.2497
M3H4-4,9000,212,174,145,145,26.66,826.499959,127.39528,0.2496,0.2588
M3H5-1,8913,227,246,146,144,26.12,814.997931,127.07269,0.2469,0.2534
M3H5-2,8914,229,243,143,147,25.56,821.40575,126.76784,0.2438,0.263
M3H5-3,8911,246,229,133,157,24.91,818.004466,125.03079,0.2414,0.2423
M3H5-4,8907,243,236,161,129,24.97,823.518285,126.35795,0.2453,0.2556
M3H6-1,8815,288,283,131,159,24.33,801.996082,124.41158,0.2453,0.2545
M3H6-2,8814,291,281,150,140,23.90,809.85143,124.93423,0.2469,0.2633
M3H6-3,8814,278,294,135,155,23.96,803.438147,124.93629,0.2622,0.2671
M3H6-4,8817,283,286,145,145,24.53,805.237242,124.93685,0.2442,0.2523
M3H7-1,8717,334,335,151,139,22.45,797.110055,123.72391,0.2452,0.2564
M3H7-2,8725,323,338,154,136,22.68,795.922085,124.69723,0.2448,0.2511
M3H7-3,8726,313,347,151,139,23.08,790.723569,122.59553,0.2491,0.2563
M3H7-4,8718,325,343,145,145,22.48,793.29938,124.86666,0.2614,0.2625
M3H8-1,8631,357,398,133,157,21.33,785.230208,123.78313,0.2542,0.2658
M3H8-2,8623,380,383,140,150,21.53,782.250628,122.3551,0.2507,0.2751
M3H8-3,8623,365,398,156,134,22.24,785.365248,122.68509,0.2481,0.2515
M3H8-4,8628,370,388,150,140,21.77,782.124019,122.91007,0.2576,0.2692
M3H9-1,8535,430,421,141,149,20.61,771.918481,121.58117,0.2485,0.2585
M3H9-2,8543,422,421,140,150,20.31,780.070342,122.24481,0.2598,0.2636
M3H9-3,8547,417,422,141,149,20.51,778.201058,122.4412,0.2582,0.2849
M3H9-4,8539,390,457,147,143,20.03,775.079942,121.50782,0.2743,0.2926
M3H10-1,8442,477,467,148,142,20.70,763.326073,119.74474,0.2499,0.2802
M3H10-2,8446,475,465,150,140,19.47,764.281753,120.32984,0.2543,0.2627
M3H10-3,8440,469,477,159,131,20.71,750.918409,120.6257,0.2483,0.2779
M3H10-4,8437,490,459,146,144,19.81,765.055658,121.95793,0.2728,0.2749
M4H1-1,9193,50,46,191,196,29.88,850.736741,131.4333,0.2404,0.2474
M4H1-2,9193,55,41,188,199,27.24,852.327671,132.28561,0.2446,0.2507
M4H1-3,9193,54,42,193,194,27.62,851.591052,132.12599,0.2429,0.2501
M4H1-4,9193,52,44,193,194,29.49,852.813127,131.42967,0.2416,0.2528
M4H2-1,9096,95,98,190,197,26.85,842.052233,129.41024,0.238,0.2544
M4H2-2,9097,90,102,199,188,26.31,840.692496,129.33177,0.2392,0.2549
M4H2-3,9099,85,105,184,203,27.04,838.015889,129.9562,0.2437,0.2485
M4H2-4,9096,100,93,186,201,26.86,838.198644,128.87652,0.2408,0.2532
M4H3-1,9000,142,147,188,199,24.77,826.421217,128.71735,0.2441,0.2538
M4H3-2,9002,154,133,183,204,25.62,827.611773,128.9317,0.2469,0.2536
M4H3-3,9001,145,143,207,180,25.28,829.072031,129.39424,0.2434,0.2577
M4H3-4,9001,145,143,189,198,24.39,829.595181,127.95744,0.2457,0.2536
M4H4-1,8910,186,193,208,179,23.40,820.118812,126.69863,0.2516,0.2562
M4H4-2,8905,179,205,186,201,23.91,816.756073,126.98867,0.2466,0.2571
M4H4-3,8910,181,198,193,194,24.13,820.091591,128.56454,0.2534,0.2557
M4H4-4,8904,187,198,196,191,23.55,813.366146,126.11556,0.2425,0.2479
M4H5-1,8815,225,249,189,198,22.71,805.415903,124.58933,0.2486,0.2745
M4H5-2,8813,244,232,185,202,22.30,801.629597,124.30124,0.2411,0.2623
M4H5-3,8812,244,233,207,180,21.93,804.589489,124.51658,0.2446,0.2618
M4H5-4,8810,227,252,205,182,23.87,806.63835,123.08709,0.2444,0.2449
M4H6-1,8716,318,255,191,196,21.88,793.547162,124.01436,0.2513,0.2555
M4H6-2,8717,276,296,201,186,21.75,791.730888,123.69411,0.2495,0.2553
M4H6-3,8716,301,272,210,177,21.70,796.264692,123.89391,0.2454,0.2667
M4H6-4,8717,292,280,188,199,21.18,795.988653,122.98205,0.2377,0.2451
M4H7-1,8624,332,333,185,202,20.32,788.715789,122.20058,0.2536,0.2549
M4H7-2,8626,361,302,201,186,21.43,788.508294,122.37371,0.2674,0.27
M4H7-3,8624,346,319,187,200,21.35,777.781693,121.98513,0.2505,0.2707
M4H7-4,8620,325,344,175,212,20.56,781.538597,121.50003,0.2406,0.2598
M4H8-1,8526,367,396,206,181,19.35,768.269416,121.9678,0.2592,0.2628
M4H8-2,8535,389,365,200,187,19.32,773.874599,118.59133,0.2321,0.2347
M4H8-3,8530,401,358,181,206,19.83,774.956612,120.43562,0.2565,0.2614
M4H8-4,8528,369,392,193,194,19.49,768.28576,120.87868,0.2646,0.2861
M4H9-1,8446,405,438,205,182,19.54,754.175574,121.09538,0.26,0.262
M4H9-2,8443,426,420,201,186,18.56,760.593693,122.73662,0.2598,0.2648
M4H9-3,8429,418,442,194,193,18.84,759.1146,121.5821,0.2605,0.3051
M4H9-4,8432,432,425,193,194,19.02,763.742369,120.44718,0.2547,0.2807
M4H10-1,8350,475,464,204,183,18.65,744.331909,119.37945,0.2556,0.2777
M4H10-2,8347,476,466,213,174,18.54,752.557598,119.66717,0.2544,0.2791
M4H10-3,8343,472,474,194,193,18.32,754.68656,120.6586,0.2963,0.3003
M4H10-4,8348,446,495,196,191,18.82,759.221376,119.8583,0.2626,0.2779
M5H1-1,9097,48,48,242,241,25.67,839.987021,129.71666,0.2377,0.2441
M5H1-2,9097,51,45,245,238,25.32,838.315949,130.69009,0.2452,0.255
M5H1-3,9097,44,52,246,237,25.91,842.352453,129.35323,0.2398,0.248
M5H1-4,9097,59,37,230,253,25.93,837.992662,129.75935,0.2419,0.248
M5H2-1,9002,91,100,248,235,24.28,829.111572,128.61234,0.2426,0.255
M5H2-2,9000,96,97,252,231,23.84,829.280528,128.13698,0.2444,0.2667
M5H2-3,9001,94,98,236,247,24.60,827.164597,126.92245,0.2392,0.2557
M5H2-4,9000,92,101,244,239,24.83,824.860072,127.80803,0.2481,0.252
M5H3-1,8905,135,153,235,248,23.01,817.394999,126.21536,0.2452,0.2542
M5H3-2,8905,144,144,230,253,23.09,817.403547,127.72949,0.2475,0.2655
M5H3-3,8905,135,153,238,245,22.97,815.387845,125.6348,0.2375,0.2491
M5H3-4,8905,154,134,250,233,22.05,818.013616,126.49662,0.2487,0.2502
M5H4-1,8811,204,178,230,253,22.26,804.065213,125.87517,0.2673,0.27
M5H4-2,8812,206,175,247,236,22.25,808.170093,125.05121,0.2569,0.2701
M5H4-3,8810,180,203,225,258,21.17,804.746214,125.31977,0.2505,0.2549
M5H4-4,8809,197,187,238,245,21.21,805.933591,125.93991,0.2485,0.2604
M5H5-1,8718,239,236,229,254,20.42,796.051103,123.62673,0.2464,0.2583
M5H5-2,8716,257,220,242,241,21.26,799.519143,124.33965,0.2455,0.2649
M5H5-3,8722,235,236,248,235,21.47,801.619236,123.46164,0.2463,0.2633
M5H5-4,8713,238,242,229,254,20.55,798.447873,123.29474,0.2459,0.2519
M5H6-1,8628,284,281,245,238,18.96,787.056146,122.82321,0.2457,0.25
M5H6-2,8621,279,293,246,237,19.88,791.286724,122.87666,0.2427,0.2688
M5H6-3,8622,309,262,230,253,19.37,786.943083,123.3508,0.2509,0.2661
M5H6-4,8622,257,314,246,237,19.92,784.143373,123.01464,0.2475,0.2661
M5H7-1,8524,330,339,241,242,19.74,772.460906,122.55665,0.2769,0.2827
M5H7-2,8532,370,291,224,259,18.97,773.627144,121.98566,0.2511,0.2848
M5H7-3,8528,342,323,239,244,19.70,776.242102,120.91002,0.2543,0.2583
M5H7-4,8534,331,328,232,251,19.04,776.056495,123.73959,0.2708,0.2757
M5H8-1,8432,386,375,243,240,18.71,757.718618,120.62168,0.2622,0.2695
M5H8-2,8427,394,372,247,236,18.00,755.828767,121.66673,0.2715,0.2742
M5H8-3,8439,404,350,247,236,18.11,758.069615,119.08398,0.2394,0.2456
M5H8-4,8436,399,358,237,246,18.61,757.787939,120.2481,0.2617,0.2651
M5H9-1,8342,436,415,234,249,18.12,748.92596,120.10953,0.2776,0.2803
M5H9-2,8343,393,457,238,245,17.96,749.651152,119.16349,0.2493,0.2656
M5H9-3,8349,440,404,236,247,17.34,748.537222,123.21057,0.2886,0.2899
M5H9-4,8335,422,436,262,221,17.43,748.959656,118.29161,0.2432,0.2576
M5H10-1,8250,481,462,235,248,17.26,736.90218,118.62326,0.2742,0.2776
M5H10-2,8249,489,455,244,239,17.74,739.708353,118.50192,0.2693,0.2814
M5H10-3,8257,488,448,245,238,17.82,735.591493,119.70713,0.2816,0.2852
M5H10-4,8259,484,450,247,236,17.91,739.368948,119.02687,0.2769,0.2798
M6H1-1,9000,52,44,302,278,23.32,830.202129,127.5447,0.2455,0.2472
M6H1-2,9000,48,48,301,279,22.83,827.697362,127.47072,0.2386,0.249
M6H1-3,9000,42,54,282,298,23.29,830.986998,127.83176,0.24,0.2456
M6H1-4,9000,48,48,286,294,24.19,828.32175,127.48841,0.2428,0.2474
M6H2-1,8905,102,89,293,287,21.89,820.515507,126.61325,0.2414,0.2526
M6H2-2,8903,103,90,279,301,21.85,818.137881,126.89221,0.2429,0.2577
M6H2-3,8905,95,96,294,286,21.53,818.831391,126.80603,0.2441,0.2538
M6H2-4,8903,98,95,284,296,22.75,816.329308,126.74471,0.2451,0.2528
M6H3-1,8807,142,147,311,269,21.11,808.321382,125.19329,0.2443,0.2678
M6H3-2,8810,151,135,297,283,20.78,807.705381,124.60156,0.2468,0.256
M6H3-3,8806,131,159,305,275,20.98,806.500352,126.05041,0.2454,0.2542
M6H3-4,8806,137,153,284,296,20.77,814.169572,125.06007,0.2444,0.2583
M6H4-1,8714,184,198,274,306,20.03,796.731169,123.38546,0.2479,0.2686
M6H4-2,8710,191,195,276,304,19.64,794.546457,124.61369,0.2471,0.2616
M6H4-3,8710,197,189,305,275,19.64,795.04929,123.54665,0.244,0.2586
M6H4-4,8713,172,211,301,279,20.25,798.536761,124.08258,0.2433,0.2725
M6H5-1,8620,228,248,291,289,19.13,788.276987,121.834,0.2524,0.257
M6H5-2,8617,234,245,293,287,18.24,787.040438,123.44254,0.2667,0.2753
M6H5-3,8616,226,254,297,283,20.34,787.031864,122.94301,0.2745,0.275
M6H5-4,8620,249,227,271,309,19.06,787.63797,122.76835,0.2425,0.2672
M6H6-1,8521,292,283,292,288,18.38,777.683835,119.77227,0.2486,0.2625
M6H6-2,8520,303,273,276,304,18.94,771.532538,120.90363,0.2488,0.2784
M6H6-3,8525,274,297,295,285,18.19,772.984805,123.00712,0.2824,0.2849
M6H6-4,8533,265,298,296,284,18.16,780.059815,122.45763,0.2683,0.2864
M6H7-1,8426,337,333,293,287,17.75,763.756758,118.09083,0.2373,0.2428
M6H7-2,8431,333,332,271,309,18.19,766.326132,120.06133,0.2466,0.2522
M6H7-3,8427,347,322,281,299,16.92,766.407799,120.4718,0.249,0.2821
M6H7-4,8429,309,358,271,309,18.70,757.740499,117.82205,0.2389,0.254
M6H8-1,8337,371,388,281,299,17.90,746.305017,119.5908,0.2525,0.284
M6H8-2,8345,380,371,291,289,17.14,752.420526,119.63798,0.2681,0.2924
M6H8-3,8336,371,389,272,308,17.42,752.672661,121.7971,0.2787,0.2833
M6H8-4,8338,369,389,280,300,17.51,755.357754,123.09311,0.2708,0.275
M6H9-1,8242,461,393,279,301,16.44,740.428093,120.54099,0.2818,0.299
M6H9-2,8244,426,426,304,276,16.41,744.333899,119.0434,0.2582,0.2744
M6H9-3,8246,430,420,314,266,16.09,750.546376,123.79739,0.2845,0.2878
M6H9-4,8248,427,421,276,304,16.90,746.867968,117.83744,0.2646,0.2726
M6H10-1,8153,498,445,283,297,16.89,728.7723,118.23746,0.2632,0.2757
M6H10-2,8156,477,463,289,291,16.67,726.633992,117.86038,0.2827,0.2849
M6H10-3,8160,478,458,312,268,16.75,734.254502,118.53099,0.2802,0.282
M6H10-4,8160,458,478,283,297,15.81,738.106461,117.68402,0.2703,0.2797
M7H1-1,8904,61,34,331,346,21.03,817.42694,127.04122,0.2425,0.2504
M7H1-2,8903,42,54,326,351,21.29,816.198227,127.27565,0.2463,0.2533
M7H1-3,8903,49,47,326,351,21.75,818.276729,127.0272,0.2416,0.2474
M7H1-4,8903,38,58,326,351,21.07,822.388132,125.77134,0.2395,0.2535
M7H2-1,8806,111,82,333,344,20.75,807.397566,125.96142,0.2464,0.2665
M7H2-2,8807,87,105,356,321,20.46,808.156954,124.97643,0.2409,0.2533
M7H2-3,8806,88,105,331,346,19.71,800.859838,126.67942,0.2565,0.2734
M7H2-4,8807,105,87,333,344,20.60,809.143406,125.71702,0.2437,0.2779
M7H3-1,8711,163,125,338,339,19.68,798.683477,123.68813,0.2424,0.257
M7H3-2,8710,138,151,345,332,20.14,798.94144,122.96347,0.2414,0.274
M7H3-3,8711,146,142,350,327,19.72,802.133925,123.35779,0.245,0.2527
M7H3-4,8711,154,134,338,339,18.66,793.139812,125.11786,0.2451,0.2569
M7H4-1,8614,206,179,326,351,18.69,785.851819,123.54697,0.249,0.2584
M7H4-2,8614,200,185,325,352,18.41,788.743003,120.84041,0.2418,0.2531
M7H4-3,8614,194,191,329,348,17.43,790.853932,124.38781,0.2864,0.2921
M7H4-4,8617,193,189,331,346,18.31,786.69325,121.78766,0.2556,0.2746
M7H5-1,8524,213,262,348,329,17.98,774.810045,121.72215,0.2491,0.2683
M7H5-2,8524,225,250,340,337,17.58,773.335999,121.0349,0.2525,0.264
M7H5-3,8527,245,227,335,342,17.97,771.511675,122.76448,0.2825,0.2894
M7H5-4,8526,253,220,326,351,18.26,778.554967,120.93528,0.2779,0.2822
M7H6-1,8431,269,299,326,351,17.60,762.817471,121.24988,0.2497,0.286
M7H6-2,8427,281,291,334,343,16.56,767.702484,121.04267,0.2547,0.2657
M7H6-3,8426,304,269,327,350,17.58,763.075484,121.0964,0.2467,0.2624
M7H6-4,8432,277,290,335,342,17.95,769.004827,120.45219,0.2474,0.2548
M7H7-1,8330,358,311,341,336,16.55,755.271117,119.26784,0.2575,0.2627
M7H7-2,8332,318,349,350,327,16.54,749.64837,121.68133,0.2772,0.2854
M7H7-3,8337,344,318,338,339,16.35,761.809778,122.39323,0.29,0.296
M7H7-4,8337,325,337,344,333,15.99,746.474612,120.61398,0.2546,0.2842
M7H8-1,8240,375,384,338,339,15.45,752.442571,118.698,0.2644,0.2774
M7H8-2,8248,394,357,343,334,15.82,745.904023,119.46277,0.2876,0.2886
M7H8-3,8244,382,373,320,357,16.57,743.036773,118.20068,0.2749,0.2787
M7H8-4,8237,390,372,333,344,16.50,748.989051,117.67658,0.2602,0.2694
M7H9-1,8149,405,445,338,339,16.57,728.586586,120.06002,0.295,0.3018
M7H9-2,8152,428,419,347,330,15.44,734.041007,119.98466,0.294,0.2961
M7H9-3,8140,432,427,352,325,15.55,737.647558,118.77401,0.2952,0.3068
M7H9-4,8139,426,434,347,330,15.50,734.41873,117.97077,0.2644,0.298
M7H10-1,8051,498,450,349,328,15.10,727.6026,116.13976,0.275,0.278
M7H10-2,8053,509,437,330,347,15.24,721.279121,119.30759,0.2833,0.285
M7H10-3,8068,479,452,340,337,15.30,709.698926,119.10991,0.2962,0.3173
M7H10-4,8060,439,500,343,334,15.34,717.633733,120.24199,0.2875,0.2909
M8H1-1,8807,42,53,390,384,19.43,807.648708,125.64531,0.2469,0.2745
M8H1-2,8806,55,41,392,382,19.85,809.639504,125.59774,0.2395,0.2563
M8H1-3,8806,52,44,370,404,20.00,807.981495,125.49747,0.2426,0.2555
M8H1-4,8806,47,49,419,355,19.99,813.26073,126.02335,0.2412,0.2527
M8H2-1,8710,92,100,378,396,18.89,800.395319,124.27707,0.246,0.2539
M8H2-2,8709,78,115,386,388,18.91,800.315487,124.00316,0.2419,0.2544
M8H2-3,8712,88,102,388,386,18.56,795.807759,123.99841,0.2454,0.2649
M8H2-4,8710,82,110,391,383,18.77,802.531478,122.56031,0.2364,0.2468
M8H3-1,8614,158,130,389,385,18.25,782.59802,122.39292,0.246,0.2589
M8H3-2,8614,139,149,392,382,18.94,795.41041,123.27911,0.2596,0.2619
M8H3-3,8612,139,151,389,385,18.38,793.129892,122.88559,0.2442,0.2782
M8H3-4,8615,150,137,380,394,17.66,789.28173,123.03358,0.2452,0.2682
M8H4-1,8517,191,194,403,371,17.55,782.046814,120.09384,0.2425,0.2474
M8H4-2,8519,193,190,388,386,17.26,778.110939,122.1273,0.2903,0.2924
M8H4-3,8521,202,179,378,396,17.63,779.295457,121.15427,0.2679,0.2695
M8H4-4,8523,190,189,364,410,18.07,781.918289,120.87065,0.2808,0.2869
M8H5-1,8428,241,233,383,391,16.35,766.880112,120.68702,0.2595,0.2691
M8H5-2,8426,241,235,377,397,16.60,768.744688,120.67369,0.245,0.2713
M8H5-3,8427,232,243,404,370,17.28,763.751243,119.44577,0.2504,0.2572
M8H5-4,8427,257,218,397,377,16.85,763.948081,120.73061,0.2512,0.2534
M8H6-1,8327,292,283,378,396,16.59,754.252298,119.45752,0.2584,0.2899
M8H6-2,8334,272,296,393,381,16.39,756.450923,118.87766,0.2557,0.2655
M8H6-3,8330,283,289,374,400,16.21,755.828206,119.1982,0.2592,0.263
M8H6-4,8334,283,285,402,372,15.98,756.666037,119.62363,0.2617,0.2711
M8H7-1,8236,329,337,408,366,15.76,737.206793,117.73542,0.2496,0.2649
M8H7-2,8238,327,337,394,380,15.75,742.398102,118.945,0.2605,0.2778
M8H7-3,8240,335,327,401,373,15.64,745.673922,119.409,0.2679,0.2866
M8H7-4,8237,339,326,395,379,15.54,751.276408,118.37025,0.26,0.2868
M8H8-1,8140,372,390,382,392,16.01,731.485598,118.6086,0.2654,0.2768
M8H8-2,8141,380,381,391,383,15.61,726.341176,118.93714,0.2725,0.2842
M8H8-3,8142,389,371,374,400,15.14,737.398815,118.40071,0.2798,0.2901
M8H8-4,8154,360,388,409,365,15.53,743.473273,119.28989,0.2923,0.3021
M8H9-1,8055,431,416,382,392,15.15,723.721596,118.11618,0.2631,0.2941
M8H9-2,8061,430,411,403,371,15.07,716.204978,117.6281,0.2792,0.2881
M8H9-3,8056,426,420,414,360,15.16,726.368816,116.7143,0.264,0.2652
M8H9-4,8044,417,441,372,402,14.37,719.357227,119.6823,0.2907,0.2997
M8H10-1,7958,472,472,384,390,14.35,723.802865,118.35822,0.3074,0.3091
M8H10-2,7952,485,465,404,370,14.83,711.764937,118.43216,0.3111,0.3151
M8H10-3,7972,479,451,378,396,14.29,715.667017,116.76914,0.2792,0.2829
M8H10-4,7958,477,467,392,382,14.14,712.148729,118.05213,0.2922,0.2949
M9H1-1,8710,48,48,440,430,18.61,805.109787,124.90858,0.2449,0.273
M9H1-2,8710,49,47,422,448,17.88,802.481617,123.6251,0.2543,0.2566
M9H1-3,8710,52,44,443,427,18.28,801.113855,124.9784,0.2522,0.2626
M9H1-4,8710,46,50,436,434,18.16,804.615578,124.38108,0.2507,0.2538
M9H2-1,8614,100,92,429,441,17.50,784.382592,123.62564,0.2445,0.2619
M9H2-2,8613,97,96,434,436,17.02,787.213572,122.28981,0.2396,0.2484
M9H2-3,8613,88,105,431,439,17.86,791.206888,125.85055,0.2906,0.2914
M9H2-4,8615,94,97,428,442,18.61,791.640394,123.65887,0.2469,0.2692
M9H3-1,8518,147,141,415,455,16.65,782.285864,121.21567,0.2556,0.262
M9H3-2,8520,134,152,452,418,16.84,779.071201,120.93293,0.2434,0.2863
M9H3-3,8518,144,144,425,445,16.57,779.924364,121.29083,0.2417,0.2674
M9H3-4,8521,135,150,432,438,16.49,782.217752,121.69737,0.2449,0.2746
M9H4-1,8422,178,206,430,440,16.25,769.113267,120.50201,0.2514,0.2672
M9H4-2,8426,200,180,433,437,16.12,769.422244,119.92652,0.2566,0.2593
M9H4-3,8424,198,184,409,461,16.00,770.15624,121.52358,0.2575,0.2627
M9H4-4,8422,193,191,430,440,16.08,772.711551,120.78166,0.2517,0.2543
M9H5-1,8330,244,232,438,432,15.71,761.191546,118.49209,0.2496,0.2815
M9H5-2,8328,233,245,454,416,16.02,759.224424,120.67112,0.2632,0.268
M9H5-3,8329,228,249,433,437,16.60,763.075003,119.00731,0.2495,0.2624
M9H5-4,8330,244,232,447,423,15.98,754.289932,120.53501,0.2639,0.2803
M9H6-1,8231,281,294,453,417,15.62,747.531665,117.58438,0.2629,0.271
M9H6-2,8236,296,274,438,432,15.27,748.165619,117.65237,0.2462,0.2607
M9H6-3,8234,289,283,440,430,15.29,746.937733,119.59563,0.2877,0.2964
M9H6-4,8236,293,277,412,458,15.83,744.125879,118.45515,0.274,0.2785
M9H7-1,8140,315,351,463,407,15.65,735.970943,117.84326,0.2571,0.2817
M9H7-2,8142,355,309,424,446,14.96,731.281731,116.98433,0.2519,0.2568
M9H7-3,8145,326,335,446,424,15.13,738.75571,118.21353,0.2754,0.2782
M9H7-4,8145,331,330,430,440,14.77,740.898627,119.04588,0.2795,0.2877
M9H8-1,8049,370,387,419,451,14.47,724.621775,116.66482,0.2552,0.2712
M9H8-2,8054,376,376,439,431,14.89,736.048447,118.60733,0.2974,0.3037
M9H8-3,8048,384,374,429,441,14.38,726.83328,119.78534,0.3058,0.3141
M9H8-4,8046,368,392,428,442,14.22,729.545585,118.75628,0.2737,0.2752
M9H9-1,7950,428,428,433,437,13.50,718.930039,115.35129,0.2648,0.2768
M9H9-2,7958,432,416,428,442,14.09,718.48972,117.36416,0.2876,0.2892
M9H9-3,7952,419,435,424,446,14.41,713.837537,116.32687,0.2676,0.2702
M9H9-4,7963,427,416,430,440,14.03,707.14801,116.89303,0.2746,0.291
M9H10-1,7866,457,483,446,424,13.85,701.557776,119.15365,0.3314,0.336
M9H10-2,7860,461,485,429,441,13.95,705.777036,115.98785,0.2791,0.2805
M9H10-3,7862,466,478,432,438,13.62,703.177608,115.81463,0.2931,0.294
M9H10-4,7859,459,488,435,435,13.36,711.617577,117.97463,0.3058,0.3089
M10H1-1,8613,51,45,477,490,17.90,794.703283,123.02888,0.2458,0.2648
M10H1-2,8613,49,47,497,470,17.65,797.143688,123.15699,0.2448,0.2616
M10H1-3,8613,36,60,465,502,17.59,795.504114,122.32371,0.2342,0.2572
M10H1-4,8613,40,56,460,507,17.65,793.704377,122.18798,0.2437,0.2656
M10H2-1,8517,89,103,498,469,16.43,785.208522,122.50059,0.2684,0.2692
M10H2-2,8516,96,97,500,467,16.53,782.353565,122.51561,0.2533,0.2904
M10H2-3,8517,98,94,462,505,16.44,781.083205,121.42809,0.239,0.2629
M10H2-4,8517,76,116,484,483,16.86,783.080772,122.48791,0.2443,0.2571
M10H3-1,8419,154,136,478,489,16.31,772.452729,120.29447,0.2654,0.2808
M10H3-2,8421,131,157,482,485,16.07,776.415509,121.55354,0.2688,0.2717
M10H3-3,8419,140,150,493,474,16.42,770.593881,119.50666,0.2402,0.2702
M10H3-4,8420,133,156,460,507,16.50,770.739869,121.22879,0.2557,0.2756
M10H4-1,8322,188,199,484,483,15.94,760.494458,119.28007,0.2535,0.2738
M10H4-2,8327,185,197,482,485,15.94,759.176941,119.54613,0.2572,0.2648
M10H4-3,8325,198,186,484,483,14.85,761.524868,118.45481,0.2415,0.2595
M10H4-4,8328,197,184,471,496,15.83,766.316968,119.82317,0.2572,0.2779
M10H5-1,8234,237,238,488,479,15.16,755.760226,120.66721,0.2637,0.2653
M10H5-2,8233,242,234,487,480,15.53,756.815219,119.07035,0.2579,0.2805
M10H5-3,8232,240,237,478,489,14.94,754.877312,119.27831,0.2497,0.2772
M10H5-4,8234,229,246,464,503,15.27,747.878015,118.10464,0.2557,0.2591
M10H6-1,8136,284,289,478,489,14.51,739.608251,118.9424,0.2762,0.2889
M10H6-2,8141,281,287,482,485,14.90,732.289545,117.84034,0.2848,0.288
M10H6-3,8141,282,286,487,480,14.71,736.679241,116.98561,0.256,0.2675
M10H6-4,8141,262,306,506,461,15.14,745.608934,121.07953,0.2822,0.2855
M10H7-1,8043,322,344,484,483,14.42,729.992747,115.8428,0.2489,0.2608
M10H7-2,8042,342,325,490,477,14.71,724.387958,118.05876,0.2871,0.2984
M10H7-3,8051,320,338,451,516,13.81,733.575216,118.64943,0.2806,0.2898
M10H7-4,8046,342,321,488,479,14.30,733.726978,119.27231,0.2982,0.307
M10H8-1,7950,388,371,490,477,13.60,706.04958,117.49206,0.2791,0.2814
M10H8-2,7957,399,353,480,487,13.46,718.311682,116.41444,0.2687,0.2787
M10H8-3,7949,369,391,469,498,13.40,719.343768,114.81741,0.2471,0.2715
M10H8-4,7948,397,364,480,487,14.16,724.250058,122.80626,0.3009,0.3036
M10H9-1,7863,438,408,507,460,13.40,704.279666,117.12106,0.2934,0.2971
M10H9-2,7858,421,430,471,496,13.65,717.963822,114.29433,0.2554,0.2713
M10H9-3,7854,436,419,482,485,13.18,705.925217,117.17479,0.2835,0.2843
M10H9-4,7863,438,408,503,464,13.18,706.765488,117.14662,0.2951,0.3017
M10H10-1,7764,477,468,489,478,13.49,696.939107,118.69692,0.3091,0.3104
M10H10-2,7764,483,462,474,493,13.56,702.069049,117.47212,0.2786,0.2915
M10H10-3,7762,504,443,479,488,13.01,696.150489,119.24742,0.2978,0.3073
M10H10-4,7769,482,458,461,506,13.02,696.54201,115.88559,0.3054,0.3134
