Folder,# carbons,# hydrogen (top),# hydrogen (bottom),# of ethyl (top),# of ethyl (bottom),Thermal conductivity,Young's modulus,Maximum stress,Strain at maximum stress,Strain at fracture
E1H1-1,9484,46,50,49,47,45.59134853,880.351372,137.97801,0.2405,0.2583
E1H1-2,9484,58,38,43,53,41.96489774,883.097599,136.98315,0.2394,0.2449
E1H1-3,9484,46,50,45,51,45.57843467,883.340872,139.21892,0.2763,0.2822
E1H1-4,9484,51,45,54,42,42.9035541,883.268681,137.1136,0.2383,0.244
E1H2-1,9387,101,92,46,50,38.63721981,869.960936,135.11262,0.2407,0.2473
E1H2-2,9387,90,103,46,50,38.43359229,873.385175,134.54078,0.2397,0.2475
E1H2-3,9389,93,98,41,55,39.03496571,871.248715,135.89515,0.2427,0.2485
E1H2-4,9387,99,94,47,49,38.79837058,872.128182,134.44271,0.2438,0.2479
E1H3-1,9292,133,155,55,41,38.2183796,862.470603,133.18693,0.2415,0.2479
E1H3-2,9292,155,133,43,53,36.55282945,858.627541,131.19401,0.2417,0.2478
E1H3-3,9292,128,160,46,50,37.32661875,861.81593,133.65125,0.2448,0.2499
E1H3-4,9295,140,145,48,48,37.27078429,860.142278,133.14975,0.2438,0.2492
E1H4-1,9199,188,193,47,49,34.28442568,851.304049,131.75727,0.2435,0.2518
E1H4-2,9197,171,212,45,51,31.76837296,848.380894,130.67396,0.241,0.2516
E1H4-3,9195,193,192,54,42,34.17701891,847.673824,130.09667,0.2443,0.2475
E1H4-4,9196,199,185,48,48,33.43432866,849.9252,130.90025,0.2428,0.2523
E1H5-1,9104,244,232,52,44,30.67120792,837.945473,129.53113,0.2445,0.2485
E1H5-2,9102,235,243,45,51,30.68797253,838.103866,129.08738,0.2409,0.2481
E1H5-3,9101,227,252,38,58,31.86942705,837.248336,128.72086,0.2423,0.2566
E1H5-4,9103,232,245,45,51,30.60476367,837.832555,128.80118,0.2396,0.2537
E1H6-1,9009,290,281,39,57,29.10578929,823.822231,129.28641,0.2478,0.255
E1H6-2,9006,278,296,52,44,29.81534972,820.827415,127.83808,0.2501,0.2556
E1H6-3,9006,294,280,48,48,28.94720547,825.165612,127.55347,0.2411,0.2489
E1H6-4,9008,289,283,41,55,29.95615558,827.276991,127.4286,0.2411,0.2551
E1H7-1,8912,336,332,43,53,27.10733668,817.48904,126.58737,0.2467,0.2494
E1H7-2,8916,325,339,48,48,28.10187968,818.507486,126.70097,0.2468,0.2593
E1H7-3,8917,350,313,52,44,28.57441298,810.635888,125.88945,0.2435,0.2698
E1H7-4,8917,313,350,41,55,28.03675271,817.903466,126.8485,0.2455,0.2644
E1H8-1,8824,366,390,46,50,26.95784675,802.16994,124.12012,0.2479,0.2705
E1H8-2,8830,372,378,53,43,26.784252,807.448182,126.59239,0.2484,0.2613
E1H8-3,8817,390,373,54,42,26.71478835,801.554781,124.36266,0.2436,0.2537
E1H8-4,8820,381,379,48,48,26.69236281,804.005096,124.85935,0.2464,0.2613
E1H9-1,8732,419,429,43,53,24.76965961,790.383724,124.54371,0.2552,0.2671
E1H9-2,8728,443,409,44,52,24.35287834,792.833693,123.28148,0.2433,0.2609
E1H9-3,8723,423,434,32,64,25.52554656,786.109214,124.04984,0.2479,0.2608
E1H9-4,8735,444,401,43,53,24.80138731,790.085045,124.30344,0.2456,0.2565
E1H10-1,8642,456,482,47,49,24.76871789,781.427786,123.47563,0.2575,0.2591
E1H10-2,8635,462,483,47,49,23.26367729,784.457237,122.8959,0.2494,0.2892
E1H10-3,8633,490,457,51,45,23.9589865,782.868757,123.27464,0.2492,0.2671
E1H10-4,8630,469,481,49,47,22.57831006,782.380483,122.69879,0.2597,0.2617
E2H1-1,9388,46,49,99,94,36.57932387,873.501208,139.91537,0.2769,0.2803
E2H1-2,9387,57,39,89,104,35.65388473,870.955628,135.15209,0.2396,0.2461
E2H1-3,9388,46,49,91,102,35.71133503,872.151558,136.39151,0.2429,0.2479
E2H1-4,9387,57,39,105,88,35.56144528,873.650777,136.33845,0.2415,0.2634
E2H2-1,9291,90,102,105,88,32.41163561,857.249927,133.20347,0.2409,0.2471
E2H2-2,9291,101,91,97,96,33.38837849,860.871607,132.34734,0.2439,0.2454
E2H2-3,9290,98,95,100,93,32.99478951,859.803173,132.39668,0.2415,0.251
E2H2-4,9291,90,102,107,86,32.21035321,860.706333,132.84652,0.2401,0.2562
E2H3-1,9194,148,141,96,97,29.8891088,850.89553,131.6087,0.2428,0.2505
E2H3-2,9194,156,133,86,107,30.32794025,848.647793,131.28407,0.2452,0.2485
E2H3-3,9195,138,150,91,102,30.84678679,852.387638,131.04483,0.2414,0.2468
E2H3-4,9197,159,127,94,99,28.73508871,846.959083,130.82409,0.2415,0.2476
E2H4-1,9105,198,180,102,91,28.43665618,836.544629,129.17944,0.2431,0.2479
E2H4-2,9100,192,191,96,97,28.53395168,837.12908,128.61746,0.241,0.258
E2H4-3,9100,192,191,84,109,28.47993962,835.818057,129.47847,0.2432,0.2466
E2H4-4,9100,195,188,90,103,29.56723353,835.881766,128.55051,0.2431,0.2512
E2H5-1,9004,240,239,86,107,27.28030162,818.935462,128.35617,0.2517,0.258
E2H5-2,9010,252,221,95,98,27.62299835,827.560659,127.45112,0.2433,0.2578
E2H5-3,9004,258,221,93,100,26.35333547,827.595592,127.54007,0.2527,0.2567
E2H5-4,9006,229,248,97,96,26.57073195,826.113413,127.99203,0.2447,0.2557
E2H6-1,8910,286,287,101,92,26.01962226,815.425651,125.68293,0.2429,0.2559
E2H6-2,8913,294,276,89,104,25.27180371,815.89352,126.33424,0.243,0.249
E2H6-3,8907,289,287,98,95,24.41939917,812.785203,125.61757,0.2392,0.2498
E2H6-4,8911,294,278,100,93,25.18937518,813.398973,126.43458,0.2457,0.2567
E2H7-1,8813,338,332,97,96,24.91649747,803.894063,124.88581,0.2501,0.2571
E2H7-2,8814,342,327,97,96,24.17712044,803.25973,125.72767,0.2573,0.2604
E2H7-3,8821,334,328,90,103,24.30891244,800.157407,124.59556,0.2478,0.2683
E2H7-4,8822,334,327,98,95,24.19960725,801.836682,125.37659,0.2445,0.2538
E2H8-1,8732,385,366,101,92,23.12763401,785.699972,123.22788,0.2435,0.2502
E2H8-2,8722,392,369,101,92,22.20902139,788.044942,124.18429,0.2467,0.2611
E2H8-3,8727,362,394,86,107,23.32365826,797.546723,124.74246,0.2525,0.2619
E2H8-4,8720,414,349,102,91,23.08357313,784.686152,124.78068,0.2495,0.2823
E2H9-1,8628,425,430,96,97,22.33817578,780.094871,123.47431,0.2521,0.2541
E2H9-2,8632,405,446,94,99,21.94763065,783.054735,123.43739,0.249,0.2615
E2H9-3,8629,413,441,101,92,20.98106071,776.547293,121.81422,0.2516,0.2563
E2H9-4,8634,407,442,95,98,21.67979992,783.454356,122.32071,0.246,0.2526
E2H10-1,8540,465,478,88,105,20.87232233,767.250862,120.98592,0.2453,0.2542
E2H10-2,8542,457,484,93,100,21.652335,769.56628,120.82619,0.2518,0.2699
E2H10-3,8541,479,463,99,94,21.1916224,774.762072,121.28191,0.2486,0.2756
E2H10-4,8539,480,464,90,103,20.33334066,770.263411,122.46437,0.2874,0.2924
E3H1-1,9290,41,55,143,147,29.86251827,858.505127,134.39474,0.2413,0.2636
E3H1-2,9290,46,50,135,155,29.71851611,857.034135,133.43327,0.2401,0.2482
E3H1-3,9291,39,56,135,155,28.80807877,858.258258,134.51819,0.2444,0.2538
E3H1-4,9290,44,52,140,150,29.69315797,860.881603,133.93375,0.2422,0.2443
E3H2-1,9193,84,109,144,146,28.11593466,847.550306,131.59327,0.2432,0.2532
E3H2-2,9194,93,99,142,148,28.98942224,848.117531,130.4719,0.2392,0.2509
E3H2-3,9193,99,94,133,157,27.52585134,847.396364,130.59134,0.2409,0.2495
E3H2-4,9194,101,91,142,148,27.98658532,845.642616,132.10142,0.2532,0.2539
E3H3-1,9098,140,148,148,142,25.66913266,834.997888,130.70825,0.243,0.2511
E3H3-2,9099,159,128,130,160,25.16431933,836.881803,127.99844,0.2395,0.2455
E3H3-3,9097,138,151,137,153,25.80686014,839.644545,129.06949,0.2402,0.2451
E3H3-4,9099,144,143,143,147,25.62426532,836.733195,128.91017,0.2409,0.254
E3H4-1,9002,188,196,148,142,24.00969435,825.656938,126.92016,0.2399,0.2519
E3H4-2,9005,190,191,143,147,24.88155417,822.295165,127.81165,0.2419,0.2529
E3H4-3,9008,191,187,145,145,25.0955399,824.845985,129.64424,0.2468,0.254
E3H4-4,9003,178,205,141,149,24.78245308,821.907078,128.88155,0.2461,0.2528
E3H5-1,8910,240,236,146,144,23.66545697,816.925916,125.82871,0.243,0.2485
E3H5-2,8907,252,227,153,137,23.29028281,814.517508,125.02833,0.2426,0.253
E3H5-3,8907,244,235,146,144,23.39436055,813.92242,126.96149,0.2419,0.2659
E3H5-4,8911,237,238,152,138,23.75645779,806.459378,126.41855,0.2441,0.2642
E3H6-1,8816,283,287,150,140,22.71117585,801.01219,126.20571,0.2616,0.2702
E3H6-2,8814,266,306,156,134,23.32370689,807.22896,123.89225,0.2399,0.2507
E3H6-3,8823,276,287,147,143,22.00249906,804.464956,125.14145,0.2574,0.2693
E3H6-4,8816,287,283,159,131,22.34960212,803.323542,125.28613,0.2481,0.2593
E3H7-1,8719,335,332,150,140,21.75697181,792.255927,123.45716,0.2452,0.254
E3H7-2,8713,362,311,138,152,21.35109434,784.585815,123.93291,0.2662,0.2745
E3H7-3,8723,340,323,131,159,21.68124544,790.602369,123.71614,0.2506,0.2619
E3H7-4,8723,318,345,151,139,21.56608184,784.972627,124.5695,0.2527,0.2551
E3H8-1,8627,399,360,138,152,21.08181855,781.520118,123.66699,0.2675,0.2758
E3H8-2,8623,376,387,149,141,20.44498925,773.991674,122.91131,0.2576,0.2616
E3H8-3,8627,377,382,145,145,20.21198505,773.714126,122.6621,0.2566,0.26
E3H8-4,8625,369,392,143,147,20.57311778,779.839902,124.13951,0.2726,0.2761
E3H9-1,8537,409,440,138,152,19.07999594,774.606508,121.19609,0.2489,0.2769
E3H9-2,8530,429,427,139,151,19.23397066,768.221145,120.69025,0.2625,0.2709
E3H9-3,8535,409,442,141,149,19.44479256,764.145807,121.8789,0.2575,0.2797
E3H9-4,8533,411,442,141,149,19.7577114,761.672923,120.93566,0.2436,0.258
E3H10-1,8453,460,473,141,149,18.88458779,757.784595,121.85445,0.2711,0.274
E3H10-2,8444,471,471,139,151,19.34967992,755.636696,120.83787,0.254,0.2679
E3H10-3,8449,454,483,136,154,19.20427513,761.65778,123.08038,0.266,0.2713
E3H10-4,8442,475,469,152,138,17.89629766,749.149886,120.64484,0.2549,0.259
E4H1-1,9193,48,48,188,199,26.76795761,849.634794,131.3827,0.2412,0.2478
E4H1-2,9193,48,48,204,183,26.93776063,848.720033,132.87634,0.2452,0.2543
E4H1-3,9193,43,53,188,199,25.76447521,847.569323,133.19456,0.2444,0.2506
E4H1-4,9193,58,38,185,202,25.62980472,844.373709,132.12353,0.2436,0.2489
E4H2-1,9097,104,88,185,202,24.68156675,835.912175,129.2163,0.2435,0.2463
E4H2-2,9097,99,93,188,199,25.03444936,833.209269,130.50141,0.2458,0.2488
E4H2-3,9097,94,98,201,186,25.27506044,836.693524,130.39701,0.2474,0.2521
E4H2-4,9099,96,94,166,221,23.87108215,833.229736,128.59107,0.2389,0.249
E4H3-1,9000,146,143,178,209,23.55192978,823.464086,127.68346,0.2493,0.2539
E4H3-2,9001,136,152,206,181,22.75372027,827.551197,129.827,0.2463,0.2578
E4H3-3,9003,151,135,201,186,24.03194157,822.178355,128.89249,0.2411,0.2538
E4H3-4,9001,141,147,218,169,23.05498948,826.554794,128.94184,0.2444,0.2532
E4H4-1,8908,172,209,196,191,22.08347397,817.702155,127.00028,0.2494,0.2543
E4H4-2,8905,187,197,193,194,22.23620677,815.031736,127.1453,0.2431,0.2515
E4H4-3,8903,190,196,183,204,22.52616205,808.794589,126.53785,0.2453,0.2517
E4H4-4,8904,195,190,210,177,22.31889471,817.542532,126.69102,0.2431,0.2605
E4H5-1,8809,238,242,198,189,20.61466899,805.299042,125.95762,0.2429,0.267
E4H5-2,8809,230,250,203,184,21.3142626,804.074621,126.06748,0.2458,0.2511
E4H5-3,8811,231,247,197,190,20.37452456,801.768355,125.38645,0.2424,0.2478
E4H5-4,8815,250,224,192,195,21.1035255,797.895239,125.88965,0.2409,0.2669
E4H6-1,8717,281,291,189,198,19.89569851,786.017926,124.11395,0.2581,0.2703
E4H6-2,8721,290,278,194,193,20.79347871,793.421166,124.79916,0.2455,0.2615
E4H6-3,8716,298,275,187,200,20.32179409,791.567831,123.31084,0.2416,0.2501
E4H6-4,8715,301,273,180,207,19.88920723,787.346203,122.12171,0.2415,0.2667
E4H7-1,8635,327,327,191,196,19.81891613,779.881841,122.68979,0.2516,0.2711
E4H7-2,8627,324,338,196,191,19.53524973,779.729184,124.35294,0.2714,0.2731
E4H7-3,8624,313,352,179,208,18.87559669,776.782507,122.89257,0.2638,0.2694
E4H7-4,8630,313,346,198,189,19.51290511,769.02314,123.04337,0.2507,0.2669
E4H8-1,8526,400,363,180,207,18.54225199,762.444134,122.04054,0.264,0.2909
E4H8-2,8529,389,371,197,190,18.32369237,771.407015,122.11237,0.2678,0.2791
E4H8-3,8530,390,369,180,207,18.22655514,761.903267,121.40312,0.2452,0.2659
E4H8-4,8524,385,380,201,186,19.00328836,769.741234,121.96069,0.2529,0.2724
E4H9-1,8438,439,412,190,197,16.90569611,749.998453,122.60236,0.273,0.2771
E4H9-2,8437,421,431,190,197,18.25974994,756.782053,121.10921,0.2583,0.2771
E4H9-3,8441,435,413,185,202,17.98511572,758.658889,119.59516,0.2472,0.2548
E4H9-4,8443,415,431,192,195,17.93105509,757.365515,121.54474,0.2558,0.2815
E4H10-1,8344,476,469,179,208,17.00407877,739.528619,121.11574,0.2854,0.2872
E4H10-2,8338,483,468,209,178,17.512378,743.999955,119.92638,0.2669,0.3024
E4H10-3,8338,448,503,201,186,17.61449773,748.988306,119.51361,0.2545,0.2701
E4H10-4,8352,484,453,193,194,17.31661765,737.053374,120.26431,0.2869,0.2916
E5H1-1,9097,52,44,247,236,23.31796675,836.440304,131.03968,0.2398,0.2506
E5H1-2,9097,37,59,236,247,23.20516002,836.107217,129.82905,0.2419,0.2602
E5H1-3,9097,48,48,242,241,23.40918977,834.775531,130.52618,0.2434,0.2536
E5H1-4,9098,50,45,250,233,22.94964366,836.211639,131.66937,0.2466,0.2516
E5H2-1,9001,97,95,245,238,22.33935374,822.943294,129.22217,0.2442,0.2524
E5H2-2,9001,92,100,232,251,22.19654172,823.365792,129.12944,0.2444,0.2514
E5H2-3,9002,98,93,252,231,21.07518631,817.475723,128.21851,0.2434,0.2551
E5H2-4,9002,103,88,239,244,21.18623991,824.916112,127.33167,0.2431,0.246
E5H3-1,8905,157,131,237,246,20.98466596,813.108569,126.87084,0.2423,0.246
E5H3-2,8903,146,144,260,223,20.89923474,812.643621,127.64912,0.2428,0.2509
E5H3-3,8907,135,151,256,227,19.86543828,813.416548,126.88443,0.25,0.2608
E5H3-4,8904,165,124,237,246,20.21564622,812.403291,126.94912,0.2414,0.2481
E5H4-1,8811,192,190,257,226,20.77120763,799.778726,126.54765,0.2514,0.2677
E5H4-2,8811,189,193,254,229,19.72751785,801.473782,125.13135,0.2459,0.2603
E5H4-3,8810,185,198,238,245,19.61311651,797.114933,126.05215,0.2443,0.2552
E5H4-4,8812,192,189,224,259,20.3167406,803.630522,126.09169,0.2489,0.2741
E5H5-1,8718,234,241,240,243,18.34251876,792.875513,124.53679,0.2587,0.271
E5H5-2,8716,236,241,239,244,19.52762435,791.993055,123.35823,0.246,0.2601
E5H5-3,8712,243,238,234,249,18.94749454,787.522737,123.28109,0.2416,0.2623
E5H5-4,8718,243,232,243,240,17.67700433,787.438801,123.63811,0.2411,0.244
E5H6-1,8618,270,305,228,255,18.18173365,781.138658,122.50903,0.2422,0.2759
E5H6-2,8625,294,274,238,245,17.97815019,781.066739,123.72347,0.2547,0.268
E5H6-3,8624,286,283,267,216,18.5374173,778.495443,123.11222,0.2512,0.2639
E5H6-4,8616,294,283,236,247,18.0406548,778.743376,123.55799,0.2487,0.2634
E5H7-1,8526,347,320,236,247,17.38619937,769.540076,121.93103,0.2552,0.2773
E5H7-2,8527,361,305,226,257,17.40437945,760.92697,123.688,0.2696,0.2711
E5H7-3,8527,349,317,231,252,17.14031317,766.897318,122.1536,0.2467,0.2611
E5H7-4,8531,365,297,232,251,17.12266052,766.59147,122.06449,0.2455,0.2532
E5H8-1,8436,364,393,238,245,17.05999499,753.525735,120.59585,0.2529,0.273
E5H8-2,8434,381,378,242,241,16.74404972,762.401028,122.0607,0.2581,0.2588
E5H8-3,8435,419,339,223,260,16.46074245,757.989115,120.71134,0.2646,0.2653
E5H8-4,8438,375,380,238,245,17.31425591,750.678309,119.83978,0.247,0.2705
E5H9-1,8337,413,443,244,239,16.26101673,742.699447,120.38728,0.2559,0.2808
E5H9-2,8341,422,430,236,247,16.59532543,744.373313,120.20889,0.2587,0.2722
E5H9-3,8342,414,437,255,228,16.65865447,745.353681,119.95714,0.2614,0.2759
E5H9-4,8344,418,431,251,232,16.22013277,748.292995,119.56186,0.244,0.2706
E5H10-1,8252,465,476,249,234,15.29602009,731.919681,120.73228,0.2879,0.29
E5H10-2,8263,466,464,251,232,15.55942904,738.144233,119.64436,0.249,0.2675
E5H10-3,8249,487,457,241,242,15.57276521,724.918324,118.30691,0.2559,0.2597
E5H10-4,8256,480,457,229,254,15.02115962,742.28988,119.79937,0.272,0.291
E6H1-1,9000,53,43,278,302,20.96802669,826.664768,128.25909,0.2378,0.2576
E6H1-2,9000,50,46,305,275,20.55221843,819.669885,130.5565,0.2453,0.2504
E6H1-3,9000,43,53,286,294,19.45686493,819.870758,129.38863,0.2439,0.2573
E6H1-4,9001,41,54,289,291,20.92319845,822.580911,128.83084,0.2394,0.2499
E6H2-1,8903,89,104,313,267,19.65247199,812.540486,127.21008,0.2415,0.2507
E6H2-2,8907,92,97,295,285,19.67244009,812.204114,126.84772,0.2406,0.252
E6H2-3,8903,93,100,286,294,19.080847,814.026142,127.1324,0.2438,0.2628
E6H2-4,8903,101,92,296,284,19.51377664,811.450239,127.22629,0.2425,0.2607
E6H3-1,8811,145,140,285,295,18.64839467,802.742756,125.61341,0.2452,0.2611
E6H3-2,8806,150,140,314,266,18.71255909,799.363915,123.72637,0.2367,0.2637
E6H3-3,8808,148,140,293,287,18.80495798,798.822954,125.21109,0.2478,0.259
E6H3-4,8807,144,145,310,270,18.15376231,804.023601,125.78572,0.2401,0.2643
E6H4-1,8720,189,187,294,286,17.7657757,793.516786,124.32454,0.2451,0.2555
E6H4-2,8713,176,207,286,294,17.8883914,795.128177,124.25781,0.2423,0.2706
E6H4-3,8715,184,197,283,297,17.63928675,791.771031,123.28002,0.239,0.2547
E6H4-4,8713,190,193,297,283,18.16626685,785.908139,123.73752,0.245,0.2609
E6H5-1,8622,246,228,300,280,16.84937582,777.30571,123.70384,0.252,0.2682
E6H5-2,8617,268,211,286,294,17.35294758,782.349284,122.31829,0.2454,0.2536
E6H5-3,8619,219,258,306,274,17.55036749,785.860464,123.22203,0.2433,0.2563
E6H5-4,8619,237,240,291,289,16.89560721,771.903657,123.24688,0.2685,0.27
E6H6-1,8528,275,293,311,269,16.78621118,769.211259,121.74276,0.2441,0.2593
E6H6-2,8528,289,279,311,269,16.71437615,756.906067,122.07277,0.2504,0.2758
E6H6-3,8533,304,259,300,280,17.21638941,773.815747,122.14461,0.2446,0.2518
E6H6-4,8529,274,293,293,287,16.32944231,767.304,124.19026,0.2759,0.2785
E6H7-1,8439,336,321,271,309,16.08317565,763.188149,121.16559,0.2529,0.2809
E6H7-2,8426,318,352,292,288,16.15331633,763.01749,121.46996,0.2462,0.2603
E6H7-3,8432,339,325,301,279,16.40904268,751.178816,119.40218,0.2518,0.2674
E6H7-4,8431,349,316,299,281,15.49690211,754.35827,120.97654,0.2636,0.271
E6H8-1,8337,371,388,283,297,15.09730642,748.063364,120.69607,0.2569,0.2641
E6H8-2,8343,386,367,284,296,15.96946006,753.514652,121.11879,0.2755,0.2803
E6H8-3,8334,373,389,293,287,15.11916895,743.912294,120.5616,0.2598,0.2693
E6H8-4,8338,383,375,292,288,14.8776316,743.298409,120.66603,0.2572,0.2672
E6H9-1,8248,427,421,295,285,15.06773764,727.721591,119.08878,0.2678,0.2725
E6H9-2,8240,437,419,290,290,14.88583657,717.886331,119.59595,0.2693,0.2716
E6H9-3,8248,419,429,290,290,15.27645997,730.514542,117.83872,0.2478,0.2649
E6H9-4,8256,420,420,289,291,14.78337699,733.343036,119.93075,0.2672,0.2737
E6H10-1,8156,490,450,285,295,14.42450806,726.32733,118.91808,0.2741,0.2926
E6H10-2,8147,442,507,282,298,15.24383292,719.913697,120.27492,0.2798,0.2837
E6H10-3,8148,482,466,269,311,14.34452434,721.047484,120.58057,0.2952,0.3078
E6H10-4,8152,487,457,275,305,14.81202352,723.799481,118.87944,0.2838,0.2879
E7H1-1,8903,56,40,325,352,18.79975819,810.240394,128.44039,0.2536,0.2542
E7H1-2,8904,51,44,349,328,18.4905355,811.934779,127.54669,0.2415,0.2597
E7H1-3,8904,52,43,334,343,18.70783683,812.85055,126.32397,0.2372,0.2451
E7H1-4,8904,53,42,319,358,18.01600956,809.730731,127.68702,0.2407,0.252
E7H2-1,8807,85,107,315,362,17.92331285,797.008701,126.21751,0.25,0.2554
E7H2-2,8807,92,100,358,319,17.95107876,796.782301,125.79856,0.2453,0.2573
E7H2-3,8807,107,85,350,327,17.49051662,804.053477,125.86689,0.2478,0.2504
E7H2-4,8810,103,86,344,333,16.94773888,793.462226,125.44454,0.2436,0.2544
E7H3-1,8714,155,130,356,321,16.90974858,794.290282,124.28989,0.2409,0.2606
E7H3-2,8709,149,141,323,354,17.08876595,790.554957,125.06318,0.247,0.2687
E7H3-3,8711,141,147,330,347,16.56113798,787.646394,124.78103,0.2486,0.2561
E7H3-4,8710,130,159,341,336,16.76808339,785.763673,124.56193,0.2448,0.2497
E7H4-1,8619,186,194,349,328,16.23050982,779.207681,122.74294,0.2446,0.2784
E7H4-2,8618,184,197,340,337,16.27040328,775.051207,123.4627,0.2484,0.2553
E7H4-3,8616,199,184,354,323,15.94433767,774.765349,122.85679,0.246,0.2637
E7H4-4,8616,180,203,352,325,16.89663387,779.40747,121.9965,0.2407,0.2649
E7H5-1,8526,237,236,332,345,15.08528636,768.908807,121.63244,0.2611,0.2751
E7H5-2,8526,247,226,327,350,15.3188163,768.659983,122.21788,0.2673,0.2749
E7H5-3,8522,238,239,332,345,15.38650864,760.128557,122.86421,0.2558,0.2599
E7H5-4,8517,230,252,345,332,16.04752243,764.936547,123.64701,0.2617,0.2648
E7H6-1,8425,301,273,333,344,15.08972578,755.395887,121.37101,0.2616,0.2814
E7H6-2,8430,282,287,347,330,15.14512223,755.50039,120.39419,0.2526,0.2548
E7H6-3,8428,287,284,360,317,14.99710764,752.462283,121.96098,0.2751,0.2789
E7H6-4,8433,279,287,344,333,15.37262254,745.798121,119.56996,0.246,0.2613
E7H7-1,8336,311,352,347,330,14.68333341,753.118719,120.21767,0.2689,0.2752
E7H7-2,8332,325,342,338,339,14.98951162,744.715795,120.11253,0.2508,0.2727
E7H7-3,8337,312,350,343,334,14.52845494,750.146418,123.32597,0.2904,0.2922
E7H7-4,8334,337,328,321,356,14.89935091,742.840408,120.69921,0.2579,0.2727
E7H8-1,8238,366,395,348,329,14.50768815,736.386738,121.02531,0.2704,0.2767
E7H8-2,8239,355,405,350,327,15.05066737,735.596193,118.79184,0.257,0.272
E7H8-3,8238,384,377,337,340,14.04212064,731.505069,119.58848,0.259,0.2614
E7H8-4,8238,370,391,322,355,14.27734618,722.732918,119.50735,0.2573,0.2733
E7H9-1,8156,427,416,345,332,13.75456051,728.088651,118.81269,0.2967,0.3009
E7H9-2,8143,430,426,346,331,13.14749783,716.069105,119.3567,0.2961,0.2994
E7H9-3,8154,410,435,350,327,14.4322242,724.772327,118.17578,0.2755,0.2772
E7H9-4,8151,436,412,326,351,13.79619769,728.257945,117.8327,0.2563,0.2971
E7H10-1,8055,473,471,346,331,13.50673143,712.822634,118.04078,0.2768,0.2798
E7H10-2,8065,445,489,343,334,13.49286742,695.102824,120.13063,0.3115,0.3279
E7H10-3,8050,455,494,341,336,13.3208742,703.403783,120.89086,0.3057,0.3084
E7H10-4,8061,482,456,356,321,13.4596717,713.50993,117.27064,0.2837,0.2911
E8H1-1,8807,46,49,371,403,17.01714043,801.252153,126.11228,0.2437,0.2546
E8H1-2,8807,41,54,383,391,17.0653494,800.394726,125.8194,0.241,0.265
E8H1-3,8806,49,47,375,399,17.34172333,804.595912,126.98358,0.2418,0.2573
E8H1-4,8806,47,49,373,401,17.08402226,804.16318,124.78982,0.241,0.2456
E8H2-1,8711,97,94,385,389,16.41211651,792.074769,124.3793,0.2416,0.2618
E8H2-2,8709,88,105,386,388,16.63743482,789.994772,125.26747,0.2498,0.2642
E8H2-3,8710,88,104,390,384,16.13372003,783.148311,125.26302,0.2531,0.2617
E8H2-4,8709,110,83,378,396,15.85973708,788.030944,125.41413,0.2468,0.2564
E8H3-1,8612,145,145,384,390,15.77030536,777.340658,122.98088,0.2433,0.2589
E8H3-2,8615,134,153,393,381,15.91938913,781.190695,122.64014,0.2449,0.268
E8H3-3,8613,146,143,387,387,15.38918352,769.504055,123.26805,0.2425,0.2568
E8H3-4,8614,151,137,394,380,16.04747677,765.933005,125.407,0.2673,0.2707
E8H4-1,8519,198,185,389,385,14.83619876,767.757813,121.45749,0.2695,0.2766
E8H4-2,8519,187,196,370,404,14.43701387,766.659717,122.3861,0.2535,0.2674
E8H4-3,8521,190,191,402,372,15.10383466,765.500658,121.0346,0.2373,0.2404
E8H4-4,8518,196,188,377,397,15.20953525,770.947495,122.43676,0.2474,0.2595
E8H5-1,8425,253,224,379,395,14.83048535,756.5772,121.31367,0.2523,0.277
E8H5-2,8422,247,233,377,397,14.79102439,757.834005,119.68077,0.2445,0.2474
E8H5-3,8426,227,249,376,398,14.35,752.010544,121.8267,0.2673,0.2699
E8H5-4,8425,222,255,378,396,14.93499213,755.814593,120.61651,0.2549,0.2902
E8H6-1,8326,280,296,398,376,14.20293522,741.870839,121.44827,0.3063,0.3079
E8H6-2,8326,292,284,389,385,13.90440689,747.158761,118.89335,0.2445,0.261
E8H6-3,8329,300,273,379,395,14.28437018,753.710765,119.51836,0.256,0.2593
E8H6-4,8330,269,303,400,374,13.99948142,743.829262,122.26173,0.2775,0.2797
E8H7-1,8237,343,322,370,404,13.10939027,729.177816,121.1753,0.2776,0.2827
E8H7-2,8239,337,326,381,393,14.17142033,733.235493,120.66174,0.272,0.2777
E8H7-3,8244,339,319,393,381,13.35684383,740.62629,118.78776,0.2652,0.2708
E8H7-4,8242,350,310,394,380,13.90235936,738.908201,119.83628,0.2714,0.2762
E8H8-1,8147,380,375,361,413,13.17528419,720.099954,120.37984,0.2888,0.2993
E8H8-2,8137,397,368,372,402,13.52642762,721.753651,117.85935,0.2611,0.2653
E8H8-3,8145,397,360,414,360,13.68744184,728.158973,119.5756,0.2868,0.2897
E8H8-4,8143,381,378,385,389,13.82522731,717.269016,118.04448,0.2813,0.3005
E8H9-1,8046,426,430,381,393,13.32292702,713.120442,118.47102,0.2713,0.303
E8H9-2,8046,441,415,380,394,13.22185015,715.498491,117.56315,0.2609,0.2815
E8H9-3,8059,403,440,379,395,13.36230987,715.994727,117.46067,0.2722,0.3036
E8H9-4,8051,435,416,388,386,13.46409069,716.055457,119.82496,0.2823,0.2894
E8H10-1,7963,437,502,403,371,12.39052769,691.627085,120.83918,0.294,0.3007
E8H10-2,7959,453,490,397,377,12.73070845,711.719631,114.48774,0.2485,0.255
E8H10-3,7965,484,453,398,376,13.06460162,695.379309,117.23323,0.3053,0.3072
E8H10-4,7963,472,467,389,385,13.45159761,708.26317,118.0622,0.285,0.2963
E9H1-1,8711,39,56,427,443,15.9820878,781.949295,124.73508,0.2458,0.2538
E9H1-2,8710,40,56,423,447,14.88026266,785.578749,125.90182,0.2489,0.2598
E9H1-3,8712,42,52,449,421,15.54830962,780.917119,125.58265,0.2525,0.2568
E9H1-4,8710,42,54,444,426,15.55408746,790.3017,124.9259,0.2422,0.267
E9H2-1,8613,99,94,420,450,15.12103812,779.549903,123.91772,0.2456,0.2593
E9H2-2,8613,95,98,431,439,15.4120948,774.435864,123.30498,0.2429,0.2598
E9H2-3,8614,90,102,455,415,15.14783323,778.997542,124.31537,0.2442,0.26
E9H2-4,8614,86,106,429,441,14.98377694,768.626999,124.84562,0.2485,0.2623
E9H3-1,8520,156,130,436,434,15.02922186,759.558051,121.16252,0.2419,0.2636
E9H3-2,8518,122,166,458,412,14.62970767,763.471287,121.35515,0.2456,0.2766
E9H3-3,8520,127,159,441,429,14.59798152,767.67765,120.7701,0.2436,0.259
E9H3-4,8520,141,145,441,429,14.32898197,764.036283,121.67698,0.2778,0.2862
E9H4-1,8422,180,204,421,449,14.13122731,740.741868,123.41599,0.2787,0.2812
E9H4-2,8423,188,195,431,439,14.38198003,755.106216,120.57547,0.2498,0.2659
E9H4-3,8424,192,190,433,437,13.92183655,744.115809,120.84383,0.2562,0.2658
E9H4-4,8425,196,185,430,440,13.99783124,755.819925,120.77353,0.2453,0.2725
E9H5-1,8327,245,234,431,439,13.70595422,739.021225,119.85041,0.2504,0.2571
E9H5-2,8327,248,231,446,424,13.36382213,732.40159,121.18702,0.2719,0.2745
E9H5-3,8331,233,242,453,417,13.96704627,738.202117,119.50323,0.2523,0.2637
E9H5-4,8331,245,230,423,447,13.83132674,748.899177,119.54851,0.2663,0.2757
E9H6-1,8236,275,295,451,419,14.11064725,730.176435,119.20593,0.2526,0.2646
E9H6-2,8238,268,300,438,432,13.33648187,730.335123,121.43811,0.3033,0.3048
E9H6-3,8237,297,272,428,442,13.38388454,736.513499,117.94377,0.2457,0.2526
E9H6-4,8236,271,299,455,415,13.14435028,728.659768,118.90724,0.2567,0.2747
E9H7-1,8151,323,332,449,421,13.15501078,726.493601,119.14376,0.2794,0.2839
E9H7-2,8144,333,329,452,418,13.26529765,720.457874,119.19298,0.2742,0.2764
E9H7-3,8142,331,333,460,410,12.5609046,711.482245,119.22102,0.2765,0.2774
E9H7-4,8134,343,329,415,455,13.27458647,715.174907,119.63758,0.2713,0.2982
E9H8-1,8052,384,370,445,425,12.52193221,699.017447,117.00372,0.2641,0.2682
E9H8-2,8049,353,404,406,464,12.36202272,703.394105,119.45812,0.2861,0.2871
E9H8-3,8053,383,370,436,434,12.63203873,715.302108,118.5814,0.2697,0.2791
E9H8-4,8044,359,403,453,417,12.3654115,719.506341,116.28228,0.2484,0.2906
E9H9-1,7963,454,389,434,436,13.16406384,680.550854,119.49456,0.2999,0.3031
E9H9-2,7962,420,424,454,416,12.09622444,695.020044,117.8666,0.2792,0.3015
E9H9-3,7951,441,414,432,438,12.23773177,708.103833,120.33501,0.2978,0.3004
E9H9-4,7949,431,426,423,447,12.41361995,702.903833,119.19012,0.2999,0.3015
E9H10-1,7862,478,466,430,440,12.3057587,689.3921,117.37892,0.2988,0.303
E9H10-2,7862,466,478,435,435,12.36716508,681.000105,117.47358,0.2926,0.2967
E9H10-3,7863,486,457,444,426,12.02536903,686.292566,115.9413,0.259,0.2837
E9H10-4,7863,459,484,464,406,12.18083224,692.215971,116.6596,0.2646,0.2811
E10H1-1,8614,55,40,482,485,14.61638243,774.390787,123.19336,0.2514,0.256
E10H1-2,8613,44,52,488,479,14.30117915,767.259638,123.31231,0.2432,0.288
E10H1-3,8613,54,42,498,469,15.02011803,775.563518,124.50348,0.2452,0.2731
E10H1-4,8613,44,52,492,475,14.49276376,774.144559,124.47664,0.2458,0.2668
E10H2-1,8516,103,90,487,480,14.47547384,766.942853,122.55042,0.249,0.2839
E10H2-2,8517,100,92,476,491,14.58135586,768.339764,122.45348,0.2474,0.2926
E10H2-3,8516,103,90,472,495,13.58121657,767.683192,122.70603,0.246,0.2717
E10H2-4,8516,87,106,498,469,13.99111089,767.707535,122.6271,0.2615,0.2696
E10H3-1,8422,148,139,486,481,12.91624095,751.290489,121.25645,0.2677,0.283
E10H3-2,8421,153,135,492,475,14.10964438,752.920202,121.20575,0.2574,0.2992
E10H3-3,8421,141,147,457,510,13.50691377,757.08317,120.34918,0.2419,0.257
E10H3-4,8421,154,134,488,479,13.5206383,760.142158,122.40832,0.2561,0.2701
E10H4-1,8324,187,198,485,482,12.76332461,737.419866,119.46141,0.2468,0.2665
E10H4-2,8324,196,189,482,485,13.18598728,741.070992,120.48363,0.2666,0.2853
E10H4-3,8325,201,183,479,488,12.90020887,745.805534,120.36502,0.246,0.2653
E10H4-4,8328,205,176,487,480,13.36415178,746.805499,120.07974,0.2515,0.2676
E10H5-1,8230,231,248,472,495,12.72354122,738.293245,118.89099,0.2471,0.276
E10H5-2,8231,236,242,472,495,12.9363039,728.287621,120.31584,0.2604,0.2779
E10H5-3,8232,222,255,481,486,12.91574949,735.069366,118.05795,0.2473,0.2658
E10H5-4,8231,247,231,495,472,12.49822634,735.628859,118.67506,0.2506,0.2791
E10H6-1,8137,302,270,480,487,12.58955583,718.66662,119.3563,0.2757,0.3095
E10H6-2,8139,276,294,495,472,12.84830143,721.39802,119.12256,0.27,0.2742
E10H6-3,8135,290,284,487,480,12.26961501,714.001296,118.7803,0.2659,0.2733
E10H6-4,8143,280,286,502,465,12.61956207,726.989128,119.09381,0.2761,0.2801
E10H7-1,8048,337,324,496,471,11.86043616,696.565488,118.91637,0.2797,0.2843
E10H7-2,8047,346,316,478,489,12.63798777,712.364529,116.81704,0.2794,0.2843
E10H7-3,8040,331,338,479,488,12.65026116,715.676004,118.81691,0.297,0.3302
E10H7-4,8045,335,329,475,492,11.87651742,704.92566,118.53083,0.2765,0.2825
E10H8-1,7953,370,386,502,465,11.847325,701.417498,117.05481,0.2664,0.3112
E10H8-2,7957,369,383,477,490,12.19199718,703.467832,117.80011,0.2852,0.2951
E10H8-3,7956,366,387,460,507,12.29292415,695.335794,118.5399,0.3035,0.3069
E10H8-4,7953,381,375,489,478,12.10762868,708.532552,117.74661,0.281,0.2882
E10H9-1,7859,414,436,479,488,11.63363162,681.076161,119.14741,0.2947,0.2991
E10H9-2,7854,433,422,477,490,11.65010675,680.721965,116.00238,0.281,0.2967
E10H9-3,7867,425,417,488,479,12.15522232,692.136264,120.42876,0.3072,0.3111
E10H9-4,7861,428,420,485,482,12.02469422,677.581612,116.90248,0.2946,0.2981
E10H10-1,7769,461,479,452,515,12.28160602,675.31173,118.67886,0.3113,0.3292
E10H10-2,7769,488,452,470,497,11.54078376,684.465946,119.95869,0.3437,0.3489
E10H10-3,7769,464,476,482,485,11.81528667,686.048381,118.07129,0.2978,0.3065
E10H10-4,7768,474,467,511,456,11.55979727,684.102651,118.18937,0.296,0.3
